OOV check failed for substitution: سبب -> اسباب
OOV check failed for substitution: کررہے -> کررہا
OOV check failed for substitution: دے -> دٰیں
OOV check failed for substitution: چھوڑے -> چھوڑیں
OOV check failed for substitution: ہم۔ -> ہم
OOV check failed for substitution: پست -> پس
OOV check failed for deletion context around: و
OOV check failed for substitution: آئیے -> آئیں
OOV check failed for substitution: اسلاماباد -> اسلام
Error processing insertion: 'NoneType' object has no attribute 'upos'
OOV check failed for substitution: پسند -> ناپسند
OOV check failed for substitution: شق -> شک
OOV check failed for substitution: لہاز -> لحاظ
OOV check failed for substitution: کڑوڑوں -> کروڑوں
OOV check failed for substitution: جوکے -> جوکہ
OOV check failed for substitution: ذمیر -> زمیر
OOV check failed for substitution: بدلا -> جاگا
OOV check failed for substitution: مسروف -> مصروف
OOV check failed for substitution: پے -> پر
OOV check failed for substitution: سمجھی -> سمجھیں
OOV check failed for substitution: ذیادہ -> زیادہ
OOV check failed for substitution: ذمانے -> زمانے
OOV check failed for substitution: آتی -> آتیں
OOV check failed for substitution: سرف -> صرف
OOV check failed for substitution: ہوں -> رہوں
OOV check failed for deletion context around: نے
OOV check failed for substitution: بڑہ -> بڑے
OOV check failed for substitution: کھینچہ -> کھینچا
OOV check failed for substitution: پتہ -> پتا
OOV check failed for substitution: پہنچے -> پہنچیں
OOV check failed for substitution: ہزاوں -> ہزاروں
OOV check failed for deleted word: پے
OOV check failed for substitution: چیدہ -> پیچیدہ
OOV check failed for deletion context around: یہ
OOV check failed for deleted word: خط
OOV check failed for substitution: نصلی -> نسلی
OOV check failed for substitution: ویسی -> ویسا
OOV check failed for substitution: انداذ -> انداز
OOV check failed for substitution: مذید -> مزید
OOV check failed for substitution: ہوگے -> گے
OOV check failed for substitution: بستیوں -> آبادیوں
OOV check failed for substitution: دیشت -> دہشت
OOV check failed for substitution: انٹلکچلز -> دانشور
OOV check failed for substitution: مسائل -> مثائل
OOV check failed for substitution: مثائل -> مسائل
OOV check failed for substitution: عظم -> اعظم
OOV check failed for substitution: بلکل -> بالکل
OOV check failed for substitution: ذریع -> ذریعے
OOV check failed for substitution: دکھنے -> دیکھنے
OOV check failed for substitution: لئے -> لٓیے
OOV check failed for substitution: مثائل -> مسائل
OOV check failed for substitution: ابٹآرے -> استعمال
OOV check failed for deleted word: اتجادتں
OOV check failed for substitution: بڑ -> بڑا
OOV check failed for substitution: ذندگی -> زندگی
OOV check failed for deletion context around: نے
OOV check failed for substitution: سمجھوتا -> مغلوب
OOV check failed for substitution: کرلیا -> ہوگئے
OOV check failed for substitution: رحایش -> رہائش
OOV check failed for substitution: لئیے -> لیے
OOV check failed for substitution: حر -> ہر
OOV check failed for substitution: دکھینگی -> دکھیں
OOV check failed for insertion context around: گی
OOV check failed for substitution: دکھیںگے -> دکھیں
OOV check failed for insertion context around: گے
OOV check failed for substitution: برے -> بڑے
OOV check failed for substitution: پونگے -> ہونگے
OOV check failed for substitution: حونگے -> ہونگے
OOV check failed for substitution: برنگ -> برنگی
OOV check failed for substitution: دکانے -> دکانیں
OOV check failed for insertion context around: طور
OOV check failed for substitution: آپنے -> نے
OOV check failed for insertion context around: ہے
OOV check failed for deletion context around: قومی
OOV check failed for substitution: حیرانگی -> حیرت
Error processing insertion: list index out of range
OOV check failed for substitution: میکین -> مکین
OOV check failed for insertion context around: کی
OOV check failed for inserted word: جاتیں
OOV check failed for substitution: پے -> پہ
OOV check failed for substitution: پے -> پہ
OOV check failed for substitution: مال۔ -> مال
Error processing insertion: list index out of range
Error processing insertion: list index out of range
OOV check failed for insertion context around: کب
OOV check failed for substitution: گیں -> گے
OOV check failed for substitution: تمہے -> تمہیں
OOV check failed for substitution: سادہ -> سادی
OOV check failed for substitution: سادہ -> سادی
OOV check failed for substitution: کیا -> کرسکتا
OOV check failed for deleted word: جاسکتا
OOV check failed for substitution: جاتیں -> جاتی
OOV check failed for substitution: آپنے -> آپ
OOV check failed for insertion context around: نے
OOV check failed for insertion context around: ،
OOV check failed for substitution: کونہ -> کونے
OOV check failed for deletion context around: پڑھ
OOV check failed for substitution: بیچارہ -> بیچاری
OOV check failed for substitution: مسکل -> مشکل
OOV check failed for substitution: چکہ -> چکے
OOV check failed for substitution: کے -> ک
Error processing insertion: 'NoneType' object has no attribute 'upos'
OOV check failed for deletion context around: و
OOV check failed for substitution: ڈومسائل -> ڈومیسائل
OOV check failed for deletion context around: بھی
OOV check failed for substitution: خوبی -> باخوبی
Error processing substitution: list index out of range
OOV check failed for deleted word: سما
OOV check failed for deletion context around: کا
OOV check failed for deleted word: ود
OOV check failed for deletion context around: دے
Error processing insertion: 'NoneType' object has no attribute 'upos'
OOV check failed for substitution: خواتین -> خاتونیت
OOV check failed for substitution: کوں -> کے
OOV check failed for deletion context around: نہ
OOV check failed for substitution: چھوڑ -> چھور
OOV check failed for deletion context around: کا
OOV check failed for deleted word: مثلہ
OOV check failed for deletion context around: ہے
OOV check failed for deleted word: اج
OOV check failed for deletion context around: یہ
OOV check failed for deletion context around: اپنے
OOV check failed for substitution: باسندوں -> باشندوں
OOV check failed for substitution: خود -> اج
OOV check failed for substitution: اج -> اب
OOV check failed for deletion context around: بھی
OOV check failed for substitution: فرسٹریشن -> محرومی
Error processing insertion: list index out of range
OOV check failed for substitution: کبھار -> کبھی
OOV check failed for substitution: بخیر -> بخیریت
OOV check failed for substitution: بخیر -> بخیریت
OOV check failed for substitution: فقر -> فکر
OOV check failed for deletion context around: لیے
OOV check failed for substitution: تفسیر -> تفصیل
OOV check failed for insertion context around: طور
Error processing insertion: list index out of range
Error processing insertion: list index out of range
OOV check failed for deletion context around: اور
OOV check failed for insertion context around: بھائی
OOV check failed for inserted word: چارہ
OOV check failed for inserted word: مفقود
OOV check failed for insertion context around: ہے
OOV check failed for insertion context around: میں
OOV check failed for inserted word: اختلاف
OOV check failed for insertion context around: بہت
Error processing insertion: list index out of range
OOV check failed for substitution: فکر -> فکروں
OOV check failed for deletion context around: ابھی
OOV check failed for deletion context around: کی
OOV check failed for substitution: جگہ -> گاہیں
OOV check failed for deletion context around: بیچ
OOV check failed for substitution: اج -> درمیان
OOV check failed for deletion context around: بھی
OOV check failed for substitution: خریدا -> خریدے
OOV check failed for substitution: جلانی -> جیلانی
OOV check failed for substitution: اولیا -> ولی
OOV check failed for substitution: مشکلاتوں -> مشکلات
OOV check failed for substitution: دونوں -> دونو
OOV check failed for substitution: کتب -> کتابیں
OOV check failed for substitution: یہیں -> یہں
OOV check failed for deleted word: صاحبہ
OOV check failed for substitution: آئی -> آیا
OOV check failed for substitution: ہورہی -> ہورہا
OOV check failed for substitution: ہکی -> ہکا
OOV check failed for substitution: بکی -> بکا
OOV check failed for substitution: کھٹی -> کھٹا
OOV check failed for substitution: آتا -> آتی
OOV check failed for substitution: کئچڑ -> کیچڑ
OOV check failed for substitution: بھارا -> بھاری
OOV check failed for deletion context around: واپس
OOV check failed for deletion context around: سے
OOV check failed for deletion context around: نہ
OOV check failed for deleted word: بر
OOV check failed for substitution: فائدہ -> فائدے
OOV check failed for substitution: قاعدہ -> قاعدے
OOV check failed for substitution: مارے -> مارا
OOV check failed for substitution: مارے -> مارا
OOV check failed for substitution: جھگڑا -> جھگڑے
OOV check failed for substitution: ہکے -> ہکا
OOV check failed for substitution: بکے -> ہکا
OOV check failed for substitution: حیلہ -> حیلے
OOV check failed for substitution: ذرہ -> ذرے
OOV check failed for substitution: روتا -> روتے
OOV check failed for substitution: روتا -> روتے
OOV check failed for substitution: جلسہ -> جلسے
OOV check failed for substitution: تماشا -> تماشے
OOV check failed for substitution: کعبہ -> کعبے
OOV check failed for substitution: خانہ -> خانے
OOV check failed for substitution: کعبہ -> کعبے
OOV check failed for deletion context around: شدت
OOV check failed for deletion context around: و
OOV check failed for inserted word: آواز
OOV check failed for deletion context around: و
OOV check failed for deletion context around: و
OOV check failed for deletion context around: و
OOV check failed for deleted word: لیڈران
OOV check failed for deleted word: آگ
OOV check failed for insertion context around: کی
OOV check failed for inserted word: آگ
OOV check failed for substitution: جلوہِ -> جلوۂ
OOV check failed for substitution: گرمیٔ -> گرمیِ
OOV check failed for substitution: سعیٔ -> سعیِ
OOV check failed for substitution: لاؤ -> لائیں
OOV check failed for substitution: جاؤ -> جائیں
OOV check failed for substitution: آؤ -> آئیے
OOV check failed for substitution: آؤ -> آئیے
OOV check failed for insertion context around: !
OOV check failed for substitution: کھو -> کھیے
OOV check failed for substitution: ہوگیا -> ہوگئی
OOV check failed for substitution: آگئی -> آگیا
OOV check failed for substitution: دھولو -> دھولیں
OOV check failed for substitution: آئی -> آیا
OOV check failed for deletion context around: نے
OOV check failed for deletion context around: کو
OOV check failed for substitution: خریدا -> خریدے
OOV check failed for deletion context around: کو
OOV check failed for substitution: بدن -> روز
OOV check failed for substitution: فاقے -> فاقوں
OOV check failed for substitution: آتی -> آتا
OOV check failed for substitution: نیند -> آنکھ
OOV check failed for substitution: لڑاکی -> لڑاکا
OOV check failed for substitution: اندھیرا -> اندھیر
OOV check failed for substitution: نیل -> نیلِ
OOV check failed for deletion context around: و
OOV check failed for substitution: کرسکتے -> سکتے
Error processing substitution: list index out of range
OOV check failed for deletion context around: پر
OOV check failed for deleted word: لبِ
OOV check failed for substitution: مشکور -> شکرگزار
OOV check failed for substitution: س -> سب
OOV check failed for deletion context around: بہ
OOV check failed for substitution: تابعدار -> تابع
OOV check failed for insertion context around: فرمان
OOV check failed for substitution: اوڑھ -> پہن
OOV check failed for deletion context around: کر
OOV check failed for substitution: ضرور -> بالضرور
OOV check failed for substitution: چیرو -> کاٹو
OOV check failed for substitution: آتا -> لگتا
Error processing insertion: 'NoneType' object has no attribute 'upos'
OOV check failed for substitution: تیری -> تجھے
OOV check failed for substitution: تیری -> تجھے
OOV check failed for substitution: تجھکو -> تجھے
OOV check failed for substitution: بخریت -> خیریت
OOV check failed for substitution: آئے -> آگئے
OOV check failed for substitution: بخریت -> خیریت
OOV check failed for substitution: بخریت -> خیریت
OOV check failed for substitution: کیساتھ -> سے
OOV check failed for substitution: آگئے -> آگیا
OOV check failed for deletion context around: میں
OOV check failed for substitution: تابع -> تابعدار
OOV check failed for deleted word: فرماں
OOV check failed for substitution: تابع -> تابعدار
OOV check failed for substitution: جھگڑے -> جھگڑا
OOV check failed for substitution: جھگڑے -> جھگڑا
OOV check failed for substitution: جھگڑے -> جھگڑا
OOV check failed for substitution: نکالو -> دو
OOV check failed for substitution: نکالو -> دو
Error processing substitution: list index out of range
Error processing substitution: list index out of range
Error processing substitution: list index out of range
OOV check failed for substitution: جاؤ‎ -> جاؤ
OOV check failed for substitution: غصّہ -> غصّے
OOV check failed for substitution: باک -> باق
OOV check failed for substitution: لاؤ -> لے
Error processing insertion: 'NoneType' object has no attribute 'upos'
OOV check failed for substitution: فعل -> فیل
OOV check failed for substitution: لڑاکی -> لڑاکا
OOV check failed for substitution: بے -> بد
OOV check failed for deletion context around: نے
OOV check failed for substitution: لڑاکی -> لڑکا
OOV check failed for insertion context around: کو
OOV check failed for substitution: ہو -> ہوگئی
OOV check failed for deletion context around: کا
OOV check failed for deletion context around: کا
OOV check failed for substitution: برخلااف -> خلااف
OOV check failed for substitution: چُکی -> چوکنا
OOV check failed for substitution: پرے -> اٹھے
OOV check failed for substitution: آگیا -> آگئے
OOV check failed for deletion context around: کو
OOV check failed for deletion context around: نے
OOV check failed for substitution: سیاہی -> روشنائی
OOV check failed for substitution: پڑھنا -> پڑھنی
OOV check failed for substitution: الواقای -> الواقع
OOV check failed for substitution: دوائی -> دوا
OOV check failed for deletion context around: نے
OOV check failed for deletion context around: واپس
OOV check failed for substitution: بٹ -> بیٹ
OOV check failed for deletion context around: کا
OOV check failed for deleted word: کمرا
OOV check failed for substitution: کھائی -> کھایا
OOV check failed for substitution: حیرانگی -> حیرانی
OOV check failed for deletion context around: دونوں
OOV check failed for deletion context around: سے
OOV check failed for deletion context around: سے
OOV check failed for deletion context around: کر
OOV check failed for substitution: اباد -> آباد
OOV check failed for substitution: دارالخلافہ -> دارلحکومت
Error processing insertion: 'NoneType' object has no attribute 'upos'
OOV check failed for substitution: اتا -> لگتا
OOV check failed for substitution: ہو -> ہوگئے
OOV check failed for substitution: فاقے -> فاقون
OOV check failed for insertion context around: اور
OOV check failed for substitution: لکڑی -> کاٹھ
OOV check failed for substitution: ہنڈیا -> ہندیہ
Error processing substitution: list index out of range
OOV check failed for substitution: افت -> آفت
OOV check failed for substitution: کالا -> پرکالہ
OOV check failed for substitution: پڑھنا -> پڑھنی
OOV check failed for substitution: لگانا -> جمانے
OOV check failed for substitution: اتا -> آتا
OOV check failed for substitution: کرتوتیں -> کرتوت
OOV check failed for substitution: ائی -> آیا
OOV check failed for substitution: لاپرواہ -> لاپروا
OOV check failed for substitution: نکالنا -> دینا
OOV check failed for substitution: ٹکٹیں -> ٹکٹ
OOV check failed for substitution: خریدی -> خریدے
OOV check failed for insertion context around: کو
OOV check failed for substitution: سبب -> اسباب
OOV check failed for substitution: آگئیں -> آگئے
OOV check failed for substitution: د -> و
OOV check failed for substitution: چینی -> چانی
OOV check failed for insertion context around: و
OOV check failed for substitution: ووقار -> قار
OOV check failed for substitution: بک -> ہک
OOV check failed for insertion context around: و
OOV check failed for substitution: واسباب -> اسباب
OOV check failed for substitution: می -> زمین
OOV check failed for substitution: کتا -> کتابیں
OOV check failed for substitution: پونجی -> پور
OOV check failed for substitution: بک -> ہک
OOV check failed for substitution: کررہے -> کررہا
OOV check failed for substitution: جارہا -> جارہی
OOV check failed for inserted word: بھا
OOV check failed for substitution: بھانجالڑ -> نجالڑ
OOV check failed for substitution: میٹھے -> میٹھا
OOV check failed for substitution: دے -> دٰیں
OOV check failed for substitution: بڑھا -> بڑھادیتے
OOV check failed for deletion context around: "
OOV check failed for substitution: آرہا -> آرہے
OOV check failed for substitution: چھوڑے -> چھوڑیں
OOV check failed for substitution: نجا -> نجالڑ
OOV check failed for deletion context around: لڑ
OOV check failed for substitution: ہم۔ -> ہم
OOV check failed for substitution: جھکی -> منجھ
OOV check failed for substitution: رہنے -> کارہنے
OOV check failed for deleted word: ئیں
Error processing insertion: list index out of range
OOV check failed for substitution: ولی -> دلی
OOV check failed for substitution: پہچانتے -> پہچانتا
OOV check failed for substitution: جائید -> جائیداد
OOV check failed for substitution: ادسب -> سب
OOV check failed for substitution: پست -> پس
OOV check failed for substitution: تک -> پک
OOV check failed for deletion context around: و
OOV check failed for deletion context around: دو
OOV check failed for substitution: چنگ -> ہیں
OOV check failed for deleted word: ا
OOV check failed for substitution: ہک -> بک
OOV check failed for substitution: میٹھے -> میٹھا
OOV check failed for substitution: آئیے -> آئیں
OOV check failed for substitution: چھر -> مکھی
OOV check failed for substitution: ماتھے -> آنکھوں
OOV check failed for substitution: اسلاماباد -> اسلام
Error processing insertion: 'NoneType' object has no attribute 'upos'
OOV check failed for deletion context around: براہ
OOV check failed for substitution: پسند -> ناپسند
OOV check failed for substitution: سناتی -> اڑاتی
OOV check failed for substitution: شق -> شک
OOV check failed for substitution: لہاز -> لحاظ
OOV check failed for substitution: ٹکٹیں -> ٹکٹ
OOV check failed for substitution: فرید -> خریدے
OOV check failed for substitution: کڑوڑوں -> کروڑوں
OOV check failed for substitution: کو -> کوا
OOV check failed for deleted word: ا
OOV check failed for substitution: جوکے -> جوکہ
OOV check failed for substitution: بر -> برخوردار
OOV check failed for deleted word: فرداری
OOV check failed for substitution: عرب -> حرب
OOV check failed for substitution: ذمیر -> زمیر
OOV check failed for substitution: انبیاؤں -> انبیاء
OOV check failed for substitution: بدلا -> جاگا
OOV check failed for substitution: اولیاؤں -> اولیاء
OOV check failed for substitution: مسروف -> مصروف
OOV check failed for substitution: مربع -> مربہ
OOV check failed for substitution: فتوا -> فتویٰ
OOV check failed for substitution: یے -> یہ
OOV check failed for deletion context around: راستہ
OOV check failed for substitution: پے -> پر
OOV check failed for deletion context around: کی
OOV check failed for substitution: سمجھی -> سمجھیں
OOV check failed for substitution: بڑ -> بڑا
OOV check failed for deletion context around: امر
OOV check failed for substitution: ادار -> خریدار
OOV check failed for substitution: ذیادہ -> زیادہ
OOV check failed for substitution: ذمانے -> زمانے
OOV check failed for substitution: آتی -> آتیں
OOV check failed for substitution: سرف -> صرف
OOV check failed for substitution: تفتیش -> تحقیق
OOV check failed for substitution: ہوں -> رہوں
OOV check failed for substitution: کھتی -> کھٹا
OOV check failed for deletion context around: نے
OOV check failed for substitution: بڑہ -> بڑے
OOV check failed for substitution: کھینچہ -> کھینچا
OOV check failed for substitution: پھولا -> پھولی
OOV check failed for deletion context around: و
OOV check failed for substitution: پتہ -> پتا
OOV check failed for deleted word: ما
OOV check failed for deletion context around: اور
OOV check failed for substitution: مضان -> رمضان
OOV check failed for substitution: پہنچے -> پہنچیں
OOV check failed for substitution: برائے -> یر
OOV check failed for insertion context around: اور
OOV check failed for deletion context around: کر
OOV check failed for deletion context around: ہ
OOV check failed for deleted word: پہار
OOV check failed for substitution: دوبڑا -> وہ
OOV check failed for substitution: ہزاوں -> ہزاروں
OOV check failed for substitution: نافہ -> ناقہ
OOV check failed for substitution: الضحی -> الاضحی
OOV check failed for deleted word: پے
OOV check failed for substitution: چیدہ -> پیچیدہ
OOV check failed for substitution: باک -> باق
OOV check failed for insertion context around: کھانا
OOV check failed for substitution: کھاناکھلانا -> کھلانا
OOV check failed for substitution: صواب -> ثواب
OOV check failed for deletion context around: یہ
OOV check failed for deleted word: خط
OOV check failed for substitution: نقطہ -> حمتہ
OOV check failed for substitution: بھیجا -> بھیجنا
OOV check failed for substitution: نصلی -> نسلی
OOV check failed for deletion context around: ہے
OOV check failed for substitution: ویسی -> ویسا
OOV check failed for deleted word: ما
OOV check failed for substitution: صوم -> معصوم
OOV check failed for substitution: انداذ -> انداز
OOV check failed for substitution: مذید -> مزید
OOV check failed for deletion context around: کہ
OOV check failed for deletion context around: سید
OOV check failed for substitution: الگائی -> صدالگائی
OOV check failed for substitution: صدا -> سدا
OOV check failed for substitution: ہوگے -> گے
OOV check failed for substitution: بستیوں -> آبادیوں
OOV check failed for substitution: متا -> متاع
OOV check failed for substitution: دیشت -> دہشت
OOV check failed for substitution: فارہ -> فلاح
OOV check failed for substitution: باتل -> باطل
OOV check failed for substitution: انٹلکچلز -> دانشور
OOV check failed for substitution: ضائقہ -> ذائقہ
OOV check failed for substitution: مسائل -> مثائل
OOV check failed for substitution: مثائل -> مسائل
OOV check failed for substitution: لمبس -> لمبیس
OOV check failed for substitution: قصہ -> غصہ
OOV check failed for substitution: سرخ -> پیلا
OOV check failed for substitution: عظم -> اعظم
OOV check failed for substitution: دار -> دانا
OOV check failed for substitution: خلاقہ -> حکومت
OOV check failed for substitution: بلکل -> بالکل
OOV check failed for substitution: بلکل -> بالکل
OOV check failed for substitution: سیاہی -> روشنائی
OOV check failed for substitution: ذریع -> ذریعے
OOV check failed for substitution: شکریا -> شکریہ
OOV check failed for substitution: نوازی -> فرمائی
OOV check failed for substitution: دکھنے -> دیکھنے
OOV check failed for substitution: لئے -> لٓیے
OOV check failed for substitution: خطرناق -> خطرناک
OOV check failed for substitution: لڑاکی -> لڑاکا
OOV check failed for substitution: مثائل -> مسائل
OOV check failed for deleted word: چو
OOV check failed for substitution: ہے -> چوہے
OOV check failed for substitution: باکثرت -> بکثرت
OOV check failed for substitution: نکالتا -> دیتا
OOV check failed for substitution: ڈاڑھی -> داڑھی
OOV check failed for substitution: کا -> تنکا
OOV check failed for deleted word: دانہ
OOV check failed for substitution: بدن -> بروز
OOV check failed for substitution: ابٹآرے -> استعمال
Error processing insertion: 'NoneType' object has no attribute 'upos'
OOV check failed for deleted word: اتجادتں
OOV check failed for substitution: بڑ -> بڑا
Error processing insertion: 'NoneType' object has no attribute 'upos'
Error processing insertion: 'NoneType' object has no attribute 'upos'
Error processing insertion: 'NoneType' object has no attribute 'upos'
Error processing insertion: 'NoneType' object has no attribute 'upos'
OOV check failed for substitution: ذندگی -> زندگی
OOV check failed for substitution: بناؤ. -> بناؤ
OOV check failed for insertion context around: ۔
Error processing insertion: 'NoneType' object has no attribute 'upos'
OOV check failed for deletion context around: نے
OOV check failed for substitution: سمجھوتا -> مغلوب
OOV check failed for substitution: کرلیا -> ہوگئے
OOV check failed for substitution: تالب -> طالب
OOV check failed for substitution: الم -> علم
OOV check failed for substitution: رحایش -> رہائش
OOV check failed for substitution: لئیے -> لیے
OOV check failed for substitution: حر -> ہر
OOV check failed for substitution: دکھینگی -> دکھیں
OOV check failed for insertion context around: گی
OOV check failed for substitution: اُردو -> اُردُو
OOV check failed for substitution: دکھیںگے -> دکھیں
OOV check failed for insertion context around: گے
OOV check failed for substitution: پاٹ -> پھٹ
OOV check failed for substitution: برے -> بڑے
OOV check failed for substitution: لمبا -> لمبی
OOV check failed for substitution: پونگے -> ہونگے
Error processing insertion: 'NoneType' object has no attribute 'upos'
OOV check failed for substitution: حونگے -> ہونگے
Error processing insertion: 'NoneType' object has no attribute 'upos'
OOV check failed for substitution: برنگ -> برنگی
OOV check failed for substitution: دکانے -> دکانیں
OOV check failed for substitution: درد -> سردرد
OOV check failed for insertion context around: طور
OOV check failed for substitution: کھیلنی -> کھیلنا
OOV check failed for substitution: الامہ -> علامہ
OOV check failed for substitution: آپنے -> نے
OOV check failed for substitution: بلا -> بلاؤ
OOV check failed for substitution: و۔ -> ۔
OOV check failed for substitution: در -> دروازہ
OOV check failed for deleted word: وزا
OOV check failed for substitution: ہورہا -> ہورہی
OOV check failed for substitution: قائدہ -> قاعدہ
Error processing insertion: 'NoneType' object has no attribute 'upos'
OOV check failed for insertion context around: ہے
OOV check failed for deletion context around: قومی
OOV check failed for substitution: سمر -> ثمر
OOV check failed for substitution: پہچانا -> پہنچانا
OOV check failed for substitution: کھٹی -> کھٹا
Error processing insertion: 'NoneType' object has no attribute 'upos'
OOV check failed for substitution: حیرانگی -> حیرت
OOV check failed for substitution: مربع -> مربہ
OOV check failed for insertion context around: ۔
Error processing insertion: list index out of range
OOV check failed for substitution: سیدھا -> سیدھی
OOV check failed for substitution: میکین -> مکین
OOV check failed for insertion context around: کی
OOV check failed for inserted word: جاتیں
OOV check failed for substitution: لاؤ -> لائیں
OOV check failed for substitution: صواب -> ثواب
Error processing insertion: list index out of range
OOV check failed for substitution: قاعد -> قائد
OOV check failed for substitution: پے -> پہ
OOV check failed for substitution: ہٹایا -> ہٹائی
OOV check failed for substitution: پے -> پہ
OOV check failed for substitution: ملائی -> ملایا
OOV check failed for substitution: نکالو -> دو
OOV check failed for substitution: مال۔ -> مال
Error processing insertion: list index out of range
Error processing insertion: list index out of range
OOV check failed for substitution: فعل -> فیل
OOV check failed for insertion context around: کب
OOV check failed for deleted word: با
OOV check failed for substitution: گیں -> گے
OOV check failed for substitution: نی -> نیا
Error processing insertion: 'NoneType' object has no attribute 'upos'
OOV check failed for substitution: تمہے -> تمہیں
OOV check failed for substitution: سوچی -> سوچا
OOV check failed for substitution: سادہ -> سادی
OOV check failed for substitution: سادہ -> سادی
OOV check failed for substitution: کھائی -> کھایا
OOV check failed for substitution: تازی -> تازہ
OOV check failed for substitution: کیا -> کرسکتا
OOV check failed for deleted word: جاسکتا
OOV check failed for inserted word: لیڈی
OOV check failed for substitution: ڈاکٹرنی -> ڈاکٹر
OOV check failed for substitution: فیصلا -> فیصل
OOV check failed for substitution: باد -> آباد
OOV check failed for substitution: ضا -> ضائع
OOV check failed for deletion context around: یا
OOV check failed for deletion context around: بے
Error processing insertion: 'NoneType' object has no attribute 'upos'
OOV check failed for substitution: جاتیں -> جاتی
Error processing deletion: 'NoneType' object has no attribute 'upos'
OOV check failed for substitution: جا‎ؤ -> جاؤ
OOV check failed for substitution: غصّہ -> غصّے
OOV check failed for substitution: باک -> باق
OOV check failed for substitution: لاؤ -> لے
Error processing insertion: 'NoneType' object has no attribute 'upos'
OOV check failed for substitution: فعل -> فیل
OOV check failed for substitution: لڑاکی -> لڑاکا
OOV check failed for substitution: آپنے -> آپ
OOV check failed for insertion context around: نے
OOV check failed for substitution: بھوت -> بہت
OOV check failed for substitution: لھڑی -> بڑی
OOV check failed for insertion context around: نے
OOV check failed for insertion context around: ،
OOV check failed for substitution: کونہ -> کونے
OOV check failed for substitution: سجتے -> سمجھتے
OOV check failed for substitution: بلکل -> بالکل
OOV check failed for substitution: نقسان -> نقصان
Error processing insertion: 'NoneType' object has no attribute 'upos'
OOV check failed for substitution: ماف -> معاف
OOV check failed for inserted word: .
OOV check failed for substitution: گور -> غور
OOV check failed for deletion context around: پڑھ
OOV check failed for substitution: زریہ -> زریعے
OOV check failed for substitution: ہواہے -> ہوا
OOV check failed for insertion context around: اور
OOV check failed for insertion context around: ملتے
Error processing insertion: list index out of range
Error processing insertion: list index out of range
OOV check failed for substitution: لکریا -> لکٰڑیاں
OOV check failed for substitution: بیچارہ -> بیچاری
OOV check failed for deleted word: اخسی
Error processing insertion: 'NoneType' object has no attribute 'upos'
OOV check failed for substitution: کیمتی -> قیمتی
OOV check failed for substitution: بتائوں -> بتاوں
OOV check failed for substitution: ذروری -> ضروری
OOV check failed for substitution: مسکل -> مشکل
OOV check failed for substitution: چکہ -> چکے
OOV check failed for substitution: توم -> تم
OOV check failed for substitution: کاٹے -> کاٹتے
Error processing insertion: 'NoneType' object has no attribute 'upos'
OOV check failed for substitution: ہمیے -> ہمیں
OOV check failed for substitution: پیپر -> کاغز
OOV check failed for substitution: کھیک -> تھیک
OOV check failed for insertion context around: ہوں
OOV check failed for substitution: ہوگے -> گے
OOV check failed for substitution: ھوا -> ہوا
OOV check failed for substitution: الودگی -> آلودگی
Error processing insertion: 'NoneType' object has no attribute 'upos'
OOV check failed for substitution: نکسن -> نقصان
OOV check failed for substitution: جاھو -> چھاوں
OOV check failed for substitution: نہینے -> نہیں
OOV check failed for deleted word: تے
OOV check failed for deletion context around: ہیں
OOV check failed for substitution: چھوں -> چھاوں
OOV check failed for substitution: فر -> پھر
OOV check failed for substitution: دوپ -> دھوپ
OOV check failed for insertion context around: ،
OOV check failed for substitution: دیان -> دہان
OOV check failed for substitution: چ -> کچھ
OOV check failed for substitution: موحول -> ماحول
OOV check failed for deletion context around: بھی
OOV check failed for substitution: آسیجن -> آکسیجن
OOV check failed for substitution: کے -> ک
OOV check failed for substitution: دوائی -> ادویات
OOV check failed for deleted word: یاں
OOV check failed for substitution: بچاتا -> بچاتے
Error processing insertion: 'NoneType' object has no attribute 'upos'
OOV check failed for substitution: ابھی -> ۔ابھی
OOV check failed for substitution: نقسان -> نقصان
OOV check failed for substitution: نقسان -> نقصان
Error processing insertion: 'NoneType' object has no attribute 'upos'
OOV check failed for deletion context around: سے
OOV check failed for substitution: ماہول -> ماحول
OOV check failed for substitution: ستارہ -> ستھرا
OOV check failed for substitution: رکے -> رکھیں
Error processing insertion: 'NoneType' object has no attribute 'upos'
OOV check failed for substitution: اُگاے -> اُگائیں
Error processing insertion: 'NoneType' object has no attribute 'upos'
OOV check failed for substitution: . -> ؟
OOV check failed for substitution: کروگے -> کریں
OOV check failed for substitution: آپابندی -> پابندی
Error processing insertion: 'NoneType' object has no attribute 'upos'
OOV check failed for substitution: کھل -> کھیلیں
OOV check failed for deleted word: تے
OOV check failed for deletion context around: ہو
OOV check failed for deletion context around: و
OOV check failed for substitution: آسے -> ایسے
OOV check failed for deletion context around: اور
OOV check failed for substitution: یے -> لیے
OOV check failed for substitution: زروری -> ضروری
Error processing substitution: list index out of range
Error processing substitution: list index out of range
OOV check failed for substitution: ڈومسائل -> ڈومیسائل
OOV check failed for deletion context around: بھی
OOV check failed for substitution: خوبی -> باخوبی
OOV check failed for insertion context around: ہے
OOV check failed for substitution: جیسے -> ،جیسے
Error processing substitution: list index out of range
Error processing substitution: list index out of range
Error processing insertion: list index out of range
OOV check failed for deleted word: سما
OOV check failed for deletion context around: کا
OOV check failed for deleted word: ود
OOV check failed for deletion context around: دے
OOV check failed for substitution: بلکل -> بالکل
OOV check failed for substitution: کے -> اسکے
OOV check failed for substitution: کرنا -> کرہیں
OOV check failed for insertion context around: اور
Error processing insertion: list index out of range
OOV check failed for substitution: اسلیے -> لیے
Error processing insertion: list index out of range
Error processing insertion: 'NoneType' object has no attribute 'upos'
OOV check failed for substitution: سوری -> معذرت
OOV check failed for substitution: خواتین -> خاتونیت
OOV check failed for substitution: کوں -> کے
OOV check failed for deletion context around: نہ
OOV check failed for substitution: متابک -> مطابق
OOV check failed for substitution: چھوڑ -> چھور
OOV check failed for substitution: دبارا -> دوبارہ
Error processing insertion: list index out of range
OOV check failed for deletion context around: کا
OOV check failed for deleted word: مثلہ
OOV check failed for deletion context around: ہے
OOV check failed for deletion context around: پر
OOV check failed for substitution: پرنہیں -> نہیں
OOV check failed for substitution: فرک -> فرق
OOV check failed for insertion context around: ۔
OOV check failed for substitution: جائے -> جایئں
OOV check failed for deleted word: اج
OOV check failed for deletion context around: یہ
OOV check failed for deletion context around: اپنے
OOV check failed for substitution: باسندوں -> باشندوں
OOV check failed for substitution: خود -> اج
Error processing insertion: 'NoneType' object has no attribute 'upos'
OOV check failed for substitution: اج -> اب
OOV check failed for deletion context around: بھی
OOV check failed for substitution: فرسٹریشن -> محرومی
OOV check failed for substitution: بیلنس -> توازن
Error processing insertion: list index out of range
OOV check failed for insertion context around: میں
OOV check failed for substitution: کرتا -> لاتا
OOV check failed for substitution: فائدے -> فوائد
OOV check failed for substitution: کبھار -> کبھی
OOV check failed for substitution: بخیر -> بخیریت
OOV check failed for substitution: پڑیگا -> پڑےگا
Error processing insertion: list index out of range
OOV check failed for substitution: بخیر -> بخیریت
OOV check failed for insertion context around: ،
OOV check failed for substitution: توشن -> تیوشن
OOV check failed for deletion context around: سے
OOV check failed for substitution: ٹیک -> ٹھیک
OOV check failed for substitution: چالے -> ہو
OOV check failed for substitution: پڑای -> پڑھائی
Error processing insertion: 'NoneType' object has no attribute 'upos'
OOV check failed for substitution: سیکے -> سیکھیں
OOV check failed for insertion context around: ۔
OOV check failed for substitution: فقر -> فکر
OOV check failed for substitution: اوفس -> دفتر
Error processing insertion: 'NoneType' object has no attribute 'upos'
OOV check failed for deletion context around: لیے
Error processing insertion: 'NoneType' object has no attribute 'upos'
Error processing insertion: 'NoneType' object has no attribute 'upos'
OOV check failed for substitution: تفسیر -> تفصیل
OOV check failed for inserted word: ذائع
OOV check failed for substitution: کے -> نےکے
Error processing insertion: list index out of range
OOV check failed for insertion context around: طور
OOV check failed for substitution: وجہوں -> وجوہات
Error processing insertion: list index out of range
Error processing insertion: list index out of range
Error processing insertion: list index out of range
OOV check failed for deletion context around: اور
OOV check failed for insertion context around: بھائی
OOV check failed for inserted word: چارہ
OOV check failed for inserted word: مفقود
OOV check failed for insertion context around: ہے
OOV check failed for insertion context around: میں
OOV check failed for deletion context around: ایک
OOV check failed for inserted word: اختلاف
OOV check failed for substitution: کھانی -> کھانے
OOV check failed for insertion context around: بہت
OOV check failed for deletion context around: بھی
Error processing insertion: list index out of range
OOV check failed for substitution: کھراب -> خراب
OOV check failed for substitution: فکر -> فکروں
Error processing substitution: list index out of range
OOV check failed for deletion context around: ابھی
OOV check failed for deletion context around: کی
OOV check failed for substitution: جگہ -> گاہیں
OOV check failed for deletion context around: بیچ
OOV check failed for substitution: جوب -> نوکری
OOV check failed for substitution: اج -> درمیان
OOV check failed for deleted word: لیئے
OOV check failed for deletion context around: بھی
OOV check failed for substitution: اپلائے -> درخواست
OOV check failed for substitution: انٹرویو -> نوکری
OOV check failed for insertion context around: کی
OOV check failed for substitution: جوب -> نوکری
OOV check failed for insertion context around: ،
Error processing insertion: 'NoneType' object has no attribute 'upos'
OOV check failed for deletion context around: میں
OOV check failed for substitution: لیٹ -> دیر
OOV check failed for substitution: ہونگے -> پہنچیں
OOV check failed for insertion context around: گے
Error processing insertion: list index out of range
OOV check failed for substitution: خریدا -> خریدے
Error processing insertion: list index out of range
OOV check failed for substitution: جلانی -> جیلانی
OOV check failed for substitution: اولیا -> ولی
OOV check failed for inserted word: لوں
OOV check failed for substitution: لوگا -> گا
OOV check failed for substitution: مشکلاتوں -> مشکلات
OOV check failed for substitution: دونوں -> دونو
OOV check failed for substitution: کتب -> کتابیں
Error processing insertion: 'NoneType' object has no attribute 'upos'
Error processing insertion: list index out of range
OOV check failed for substitution: یہیں -> یہں
OOV check failed for substitution: جائینگے -> جائیں
OOV check failed for deleted word: صاحبہ
OOV check failed for substitution: ہوتھے -> ہوں
OOV check failed for substitution: لیٹ -> دیر
OOV check failed for substitution: آئی -> آیا
Error processing substitution: list index out of range
OOV check failed for substitution: ہورہی -> ہورہا
OOV check failed for substitution: اسانی -> آسان
OOV check failed for substitution: آتی -> .
OOV check failed for substitution: لئے -> لیئے
OOV check failed for insertion context around: کر
OOV check failed for substitution: لگتی -> نی
OOV check failed for insertion context around: ہوتی
OOV check failed for deleted word: اتئی
OOV check failed for inserted word: آجائے
OOV check failed for insertion context around: تو
OOV check failed for inserted word: ہوجاتی
OOV check failed for substitution: لئے -> لیئے
OOV check failed for substitution: بر -> برقرار
OOV check failed for deleted word: کرار
Error processing substitution: list index out of range
OOV check failed for substitution: ہکی -> ہکا
OOV check failed for substitution: بکی -> بکا
OOV check failed for substitution: اچھا. -> اچھا
OOV check failed for substitution: کھائے -> کھائیں
OOV check failed for insertion context around: ،
OOV check failed for substitution: پیام -> پیئں
OOV check failed for substitution: Cells -> خلیات
OOV check failed for deletion context around: ہمارے
Error processing substitution: list index out of range
Error processing substitution: list index out of range
OOV check failed for substitution: کھٹی -> کھٹا
Error processing insertion: 'NoneType' object has no attribute 'upos'
OOV check failed for substitution: آتا -> آتی
OOV check failed for substitution: فیمس -> مشہور
OOV check failed for substitution: . -> ۔
OOV check failed for substitution: نہم -> ہم
Error processing substitution: list index out of range
Error processing insertion: 'NoneType' object has no attribute 'upos'
Error processing insertion: list index out of range
OOV check failed for substitution: کئچڑ -> کیچڑ
OOV check failed for substitution: بھارا -> بھاری
OOV check failed for substitution: چھٹی -> چھٹیاں
OOV check failed for deletion context around: ان
OOV check failed for substitution: جوئی -> مزے
OOV check failed for insertion context around: سے
Error processing insertion: 'NoneType' object has no attribute 'upos'
OOV check failed for substitution: کھائے -> کھائیں
OOV check failed for deletion context around: واپس
OOV check failed for substitution: چھٹیا -> چھٹیاں
OOV check failed for deletion context around: یوں
OOV check failed for substitution: فرش -> کرتی
OOV check failed for insertion context around: اور
OOV check failed for substitution: چھٹیایوں -> چھٹیوں
OOV check failed for substitution: صبح -> صیح
OOV check failed for deletion context around: سے
OOV check failed for insertion context around: سے
OOV check failed for substitution: کریں -> کرسکیں
OOV check failed for insertion context around: گے
Error processing insertion: list index out of range
OOV check failed for deletion context around: نہ
OOV check failed for substitution: باٹوں -> بتاو
Error processing insertion: 'NoneType' object has no attribute 'upos'
OOV check failed for deleted word: بر
Error processing deletion: 'NoneType' object has no attribute 'upos'
OOV check failed for substitution: فائدہ -> فائدے
OOV check failed for substitution: کرںگے -> کریں
Error processing insertion: 'NoneType' object has no attribute 'upos'
OOV check failed for substitution: قاعدہ -> قاعدے
OOV check failed for substitution: یاں -> یہاں
OOV check failed for substitution: مزا -> مزے
OOV check failed for substitution: کرںگے -> کریں
Error processing insertion: 'NoneType' object has no attribute 'upos'
OOV check failed for substitution: مارے -> مارا
OOV check failed for substitution: مارے -> مارا
OOV check failed for substitution: جھگڑا -> جھگڑے
OOV check failed for substitution: پیار -> پیارے
OOV check failed for substitution: چوٹیوں -> چھٹیوں
OOV check failed for substitution: ہکے -> ہکا
OOV check failed for substitution: بکے -> ہکا
OOV check failed for substitution: فلمیے -> فلمیں
OOV check failed for substitution: حیلہ -> حیلے
OOV check failed for deletion context around: کیا
OOV check failed for substitution: کیتنا -> خوب
OOV check failed for substitution: مفا -> مزے
OOV check failed for deletion context around: کار
OOV check failed for substitution: رہینگے -> کریں
Error processing insertion: 'NoneType' object has no attribute 'upos'
OOV check failed for substitution: ذرہ -> ذرے
OOV check failed for substitution: روتا -> روتے
OOV check failed for substitution: روتا -> روتے
OOV check failed for substitution: جلسہ -> جلسے
OOV check failed for deletion context around: گے
OOV check failed for substitution: گرمیو -> گرمیوں
OOV check failed for substitution: گزارنی -> گزارنا
OOV check failed for insertion context around: چاہتا
OOV check failed for substitution: تماشا -> تماشے
OOV check failed for substitution: اسلئے -> اسلیے
OOV check failed for deletion context around: ہے
OOV check failed for substitution: کعبہ -> کعبے
OOV check failed for substitution: خانہ -> خانے
OOV check failed for substitution: گزارے -> گزاریں
OOV check failed for substitution: کعبہ -> کعبے
OOV check failed for substitution: ٹور -> گھومنے
OOV check failed for inserted word: .
OOV check failed for deletion context around: شدت
OOV check failed for inserted word: .
OOV check failed for deletion context around: و
OOV check failed for inserted word: آواز
OOV check failed for substitution: چھٹی -> چھٹیوں
OOV check failed for deleted word: ر
OOV check failed for substitution: یں -> ریں
Error processing substitution: list index out of range
Error processing insertion: 'NoneType' object has no attribute 'upos'
Error processing insertion: list index out of range
OOV check failed for deletion context around: و
OOV check failed for substitution: ہوگے -> ہوںگے
OOV check failed for substitution: انٹی -> آنٹی
OOV check failed for deletion context around: و
OOV check failed for substitution: گزارے -> گزاریں
OOV check failed for substitution: کرِے -> کریں
OOV check failed for deletion context around: و
OOV check failed for deleted word: لیڈران
OOV check failed for substitution: گزارے -> گزاریں
OOV check failed for deleted word: آگ
OOV check failed for insertion context around: کی
OOV check failed for inserted word: آگ
OOV check failed for substitution: آجائے -> آجائیں
OOV check failed for substitution: کرئے -> کریں
OOV check failed for substitution: جلوہِ -> جلوۂ
OOV check failed for substitution: کزارش -> سےگزارش
OOV check failed for substitution: آجائے -> آجائیں
Error processing insertion: list index out of range
OOV check failed for substitution: گرمیٔ -> گرمیِ
OOV check failed for substitution: سعیٔ -> سعیِ
OOV check failed for deleted word: مینے
OOV check failed for insertion context around: ساتھ
OOV check failed for deleted word: دکھی
OOV check failed for substitution: لاؤ -> لائیں
OOV check failed for substitution: جاؤ -> جائیں
OOV check failed for deletion context around: گر
OOV check failed for substitution: میروں -> گرمیوں
OOV check failed for substitution: مزان -> مزہ
Error processing insertion: 'NoneType' object has no attribute 'upos'
Error processing insertion: 'NoneType' object has no attribute 'upos'
OOV check failed for substitution: آؤ -> آئیے
OOV check failed for substitution: آؤ -> آئیے
OOV check failed for insertion context around: !
OOV check failed for substitution: کھو -> کھیے
OOV check failed for substitution: برآھی -> بھرآئی
OOV check failed for deletion context around: ،
OOV check failed for substitution: مانو -> جیسے
OOV check failed for substitution: ہوگیا -> ہوگئی
Error processing substitution: list index out of range
OOV check failed for substitution: آگئی -> آگیا
OOV check failed for substitution: تھا. -> تھا
Error processing insertion: list index out of range
OOV check failed for substitution: دھولو -> دھولیں
Error processing insertion: list index out of range
OOV check failed for substitution: آئی -> آیا
OOV check failed for substitution: ہوگئے -> ہوگئی
OOV check failed for insertion context around: ۔
OOV check failed for substitution: فورن -> فاراََ
OOV check failed for substitution: آگیا -> ہوگیا
OOV check failed for insertion context around: ۔
OOV check failed for deletion context around: کی
OOV check failed for deleted word: خوشبھ
OOV check failed for substitution: پیاری -> پیارے
OOV check failed for insertion context around: اور
OOV check failed for inserted word: خوشبودار
Error processing substitution: list index out of range
OOV check failed for deleted word: واہان
OOV check failed for deletion context around: جو
OOV check failed for deletion context around: تھے
OOV check failed for substitution: واہاں -> وہاں
OOV check failed for deletion context around: وہ
OOV check failed for deletion context around: الگ
OOV check failed for substitution: کسم -> قسم
OOV check failed for substitution: کسم -> قسم
OOV check failed for substitution: برنگی -> برنگے
OOV check failed for insertion context around: بھی
OOV check failed for deletion context around: نے
OOV check failed for deletion context around: ہی
OOV check failed for substitution: جارہے -> رہے
OOV check failed for deletion context around: کو
OOV check failed for substitution: پوروں -> پودوں
Error processing insertion: 'NoneType' object has no attribute 'upos'
OOV check failed for substitution: لگائے -> لگایئں
Error processing insertion: list index out of range
OOV check failed for substitution: پودھے -> پودے
Error processing insertion: 'NoneType' object has no attribute 'upos'
Error processing deletion: 'NoneType' object has no attribute 'upos'
Error processing insertion: 'NoneType' object has no attribute 'upos'
OOV check failed for substitution: بیچے -> بیچ
OOV check failed for insertion context around: لی
OOV check failed for substitution: کیں -> جیے
OOV check failed for insertion context around: گا
Error processing insertion: list index out of range
OOV check failed for substitution: خریدا -> خریدے
Error processing insertion: 'NoneType' object has no attribute 'upos'
OOV check failed for deletion context around: کو
OOV check failed for substitution: حالاتوں -> حالات
OOV check failed for insertion context around: خراب
OOV check failed for inserted word: ہوگئے
OOV check failed for insertion context around: اور
OOV check failed for substitution: بدن -> روز
Error processing insertion: list index out of range
OOV check failed for substitution: فاقے -> فاقوں
OOV check failed for substitution: کومپی -> مقابلہ
OOV check failed for deleted word: ٹیشن
Error processing insertion: 'NoneType' object has no attribute 'upos'
Error processing insertion: list index out of range
OOV check failed for substitution: آتی -> آتا
Error processing insertion: 'NoneType' object has no attribute 'upos'
OOV check failed for substitution: نیند -> آنکھ
OOV check failed for substitution: بولیں -> روکیں
OOV check failed for insertion context around: ،
OOV check failed for substitution: لڑاکی -> لڑاکا
OOV check failed for insertion context around: باغ
Error processing insertion: list index out of range
OOV check failed for substitution: اندھیرا -> اندھیر
Error processing insertion: list index out of range
OOV check failed for substitution: نیل -> نیلِ
Error processing insertion: list index out of range
OOV check failed for deletion context around: و
OOV check failed for substitution: کرسکتے -> سکتے
OOV check failed for deleted word: خلقان
OOV check failed for inserted word: خلقان
OOV check failed for deleted word: ہتا
Error processing insertion: 'NoneType' object has no attribute 'upos'
Error processing substitution: list index out of range
Error processing insertion: 'NoneType' object has no attribute 'upos'
OOV check failed for deletion context around: پر
OOV check failed for deleted word: لبِ
OOV check failed for substitution: ندارے -> پرندے
OOV check failed for substitution: برنگ -> برنگے
Error processing insertion: list index out of range
Error processing insertion: list index out of range
Error processing insertion: 'NoneType' object has no attribute 'upos'
OOV check failed for substitution: مشکور -> شکرگزار
OOV check failed for substitution: الفاظوں -> الفاظ
Error processing insertion: list index out of range
OOV check failed for substitution: س -> سب
OOV check failed for deletion context around: بہ
OOV check failed for deletion context around: تو
OOV check failed for deletion context around: جو
OOV check failed for substitution: اسلامو -> اسلام
OOV check failed for substitution: الیکلم -> علیکم
OOV check failed for substitution: تابعدار -> تابع
OOV check failed for substitution: توم -> تم
OOV check failed for insertion context around: فرمان
OOV check failed for deletion context around: و
OOV check failed for deleted word: االی
OOV check failed for substitution: کم -> علیکم
OOV check failed for substitution: مجے -> مجھے
OOV check failed for substitution: بہوت -> بہت
OOV check failed for substitution: خسی -> خوشی
OOV check failed for substitution: اوڑھ -> پہن
OOV check failed for substitution: ہوے -> ہو
OOV check failed for substitution: ات -> اپ
OOV check failed for substitution: اہوگے -> اوگے
OOV check failed for substitution: دید -> دیر
OOV check failed for deletion context around: کر
OOV check failed for substitution: باعی -> بھائی
OOV check failed for substitution: ضرور -> بالضرور
OOV check failed for substitution: چاتی -> چاہتی
OOV check failed for substitution: عسلام -> اسلام
OOV check failed for deletion context around: و
OOV check failed for substitution: عیکم -> علیکم
OOV check failed for substitution: ہوگے -> ہوںگے
OOV check failed for substitution: آراہے -> ارہے
OOV check failed for substitution: اسالام -> اسلام
OOV check failed for deletion context around: و
OOV check failed for substitution: چیرو -> کاٹو
OOV check failed for substitution: ایلیکوم -> علیکم
OOV check failed for substitution: پیری -> پیاری
OOV check failed for substitution: تومیں -> تمہیں
OOV check failed for substitution: آتا -> لگتا
OOV check failed for substitution: ساتھیو -> ساتھیوں
OOV check failed for substitution: زرور -> ضرور
OOV check failed for substitution: خش -> خوش
OOV check failed for substitution: ذرور -> ضرور
Error processing insertion: 'NoneType' object has no attribute 'upos'
OOV check failed for substitution: دیرا -> دیتا
OOV check failed for substitution: تیری -> تجھے
OOV check failed for substitution: خیرید -> خیریت
OOV check failed for substitution: ہوگئی -> ہو
Error processing insertion: 'NoneType' object has no attribute 'upos'
OOV check failed for substitution: تیری -> تجھے
OOV check failed for substitution: تجھکو -> تجھے
OOV check failed for substitution: ضارور -> ضرور
OOV check failed for substitution: ائینگی -> آئیں
Error processing insertion: 'NoneType' object has no attribute 'upos'
OOV check failed for substitution: بخریت -> خیریت
OOV check failed for substitution: آئے -> آگئے
OOV check failed for substitution: زراسل -> دراصل
OOV check failed for substitution: کھنا -> کہنا
OOV check failed for substitution: بخریت -> خیریت
OOV check failed for substitution: اسالام -> اسلام
OOV check failed for substitution: عوالیکوم -> علیکم
OOV check failed for substitution: بخریت -> خیریت
OOV check failed for substitution: کیساتھ -> سے
OOV check failed for substitution: دیرہ -> دے
Error processing insertion: 'NoneType' object has no attribute 'upos'
OOV check failed for substitution: آگئے -> آگیا
OOV check failed for substitution: کوذارش -> گزارش
OOV check failed for substitution: ذرور -> ضرور
OOV check failed for deletion context around: میں
OOV check failed for substitution: شوک -> شوق
OOV check failed for substitution: پیارے -> پیاری
OOV check failed for substitution: جھٹائی -> جیتائے
OOV check failed for substitution: پرتوگل -> پرتگال
OOV check failed for substitution: تابع -> تابعدار
OOV check failed for deleted word: فرماں
OOV check failed for substitution: تابع -> تابعدار
OOV check failed for substitution: ایئورو -> یورو
OOV check failed for substitution: اونچا -> اونچی
OOV check failed for substitution: جاہنپ -> چھلانگ
OOV check failed for substitution: مرتبا -> مرتبہ
OOV check failed for substitution: جھگڑے -> جھگڑا
OOV check failed for substitution: جھگڑے -> جھگڑا
OOV check failed for substitution: جھگڑے -> جھگڑا
OOV check failed for substitution: اعمر -> عامر
OOV check failed for substitution: نکالو -> دو
OOV check failed for substitution: نکالو -> دو
OOV check failed for substitution: خد -> خود
OOV check failed for substitution: شعروں -> شروع
OOV check failed for substitution: بارسالونا -> بارسلونا
OOV check failed for substitution: تور -> توڑ
OOV check failed for substitution: سودی -> سعودیہ
Error processing substitution: list index out of range
Error processing substitution: list index out of range
Error processing substitution: list index out of range
OOV check failed for deleted word: آئینگے
OOV check failed for deletion context around: اور
OOV check failed for insertion context around: کہ
OOV check failed for substitution: جاؤ‎ -> جاؤ
OOV check failed for substitution: غصّہ -> غصّے
OOV check failed for substitution: باک -> باق
OOV check failed for insertion context around: کر
OOV check failed for inserted word: سکوں
OOV check failed for substitution: لاؤ -> لے
Error processing insertion: 'NoneType' object has no attribute 'upos'
OOV check failed for substitution: فعل -> فیل
OOV check failed for substitution: لڑاکی -> لڑاکا
OOV check failed for substitution: بے -> بد
OOV check failed for deleted word: مندی
OOV check failed for substitution: بندوں -> لوگوں
OOV check failed for substitution: ملگئی -> گیا
OOV check failed for deletion context around: نے
OOV check failed for substitution: لڑاکی -> لڑکا
OOV check failed for insertion context around: کو
OOV check failed for substitution: ہو -> ہوگئی
Error processing insertion: 'NoneType' object has no attribute 'upos'
OOV check failed for deletion context around: کا
OOV check failed for deletion context around: ہے
OOV check failed for deletion context around: کا
OOV check failed for substitution: اتارتا -> برساتا
OOV check failed for substitution: برخلااف -> خلااف
OOV check failed for substitution: چُکی -> چوکنا
OOV check failed for substitution: پرے -> اٹھے
OOV check failed for deletion context around: ان
OOV check failed for substitution: ﷺ -> آپﷺ
OOV check failed for substitution: آگیا -> آگئے
OOV check failed for substitution: آپا -> آپ
OOV check failed for deletion context around: سے
OOV check failed for deleted word: پہچانے
OOV check failed for deletion context around: جاتے
Error processing substitution: list index out of range
OOV check failed for substitution: بنجاتا -> بنا
OOV check failed for deletion context around: کو
OOV check failed for deletion context around: ہاں
OOV check failed for deletion context around: نے
OOV check failed for substitution: بتاؤ -> بتاؤں
OOV check failed for substitution: نکلتا -> ہوتی
OOV check failed for substitution: سیاہی -> روشنائی
OOV check failed for substitution: شرابیں -> شرابے
OOV check failed for substitution: پڑھنا -> پڑھنی
OOV check failed for substitution: الواقای -> الواقع
OOV check failed for substitution: دوائی -> دوا
OOV check failed for insertion context around: سے
OOV check failed for insertion context around: جگہ
OOV check failed for deletion context around: نے
OOV check failed for deletion context around: واپس
OOV check failed for substitution: بٹ -> بیٹ
OOV check failed for deletion context around: کا
OOV check failed for deleted word: کمرا
OOV check failed for substitution: کھائی -> کھایا
OOV check failed for substitution: حیرانگی -> حیرانی
OOV check failed for substitution: بدلے -> بدلیں
OOV check failed for deletion context around: دونوں
OOV check failed for deletion context around: سے
OOV check failed for substitution: دکھائی -> دکھاتی
OOV check failed for deletion context around: سے
OOV check failed for substitution: لکھی -> لکھیں
OOV check failed for insertion context around: ہیں
OOV check failed for deletion context around: کر
OOV check failed for substitution: سادی -> سادہ
OOV check failed for substitution: کئیں -> کئی
OOV check failed for insertion context around: نے
OOV check failed for substitution: تحقیق -> تخلیق
OOV check failed for substitution: اباد -> آباد
OOV check failed for substitution: دارالخلافہ -> دارلحکومت
Error processing insertion: 'NoneType' object has no attribute 'upos'
OOV check failed for substitution: اتا -> لگتا
OOV check failed for substitution: ہو -> ہوگئے
OOV check failed for substitution: فاقے -> فاقون
OOV check failed for insertion context around: اور
OOV check failed for substitution: لکڑی -> کاٹھ
OOV check failed for substitution: ہنڈیا -> ہندیہ
Error processing substitution: list index out of range
OOV check failed for substitution: پڑھتا -> پڑتا
OOV check failed for substitution: افت -> آفت
OOV check failed for substitution: کالا -> پرکالہ
OOV check failed for substitution: پڑھنا -> پڑھنی
OOV check failed for substitution: لگانا -> جمانے
OOV check failed for substitution: اتا -> آتا
OOV check failed for substitution: کرتوتیں -> کرتوت
OOV check failed for insertion context around: سے
OOV check failed for substitution: ائی -> آیا
OOV check failed for substitution: عادتوں -> عادات
OOV check failed for substitution: لاپرواہ -> لاپروا
OOV check failed for substitution: نکالنا -> دینا
OOV check failed for substitution: بوری -> بری
OOV check failed for insertion context around: ہے
OOV check failed for substitution: ٹکٹیں -> ٹکٹ
OOV check failed for substitution: خریدی -> خریدے
OOV check failed for insertion context around: کو
OOV check failed for substitution: آگئیں -> آگئے
OOV check failed for substitution: آخرے -> آخری
OOV check failed for substitution: د -> و
OOV check failed for substitution: چینی -> چانی
OOV check failed for insertion context around: و
OOV check failed for substitution: ووقار -> قار
OOV check failed for substitution: جائیے -> جائیں
OOV check failed for substitution: بک -> ہک
OOV check failed for insertion context around: و
OOV check failed for substitution: واسباب -> اسباب
OOV check failed for substitution: می -> زمین
OOV check failed for substitution: ہٹ -> ہٹنا
OOV check failed for substitution: کتا -> کتابیں
OOV check failed for substitution: پونجی -> پور
OOV check failed for substitution: سے -> سےاپنی
OOV check failed for insertion context around: نہ
OOV check failed for substitution: بک -> ہک
OOV check failed for substitution: جارہا -> جارہی
OOV check failed for inserted word: بھا
OOV check failed for substitution: بھانجالڑ -> نجالڑ
OOV check failed for deletion context around: کا
OOV check failed for insertion context around: کے
OOV check failed for substitution: میٹھے -> میٹھا
OOV check failed for substitution: نصر -> نثر
OOV check failed for substitution: بڑھا -> بڑھادیتے
OOV check failed for substitution: اپنائے -> اپنایا
OOV check failed for deletion context around: "
OOV check failed for insertion context around: کے
OOV check failed for substitution: آرہا -> آرہے
OOV check failed for substitution: نجا -> نجالڑ
OOV check failed for deletion context around: لڑ
OOV check failed for substitution: جھکی -> منجھ
OOV check failed for substitution: رہنے -> کارہنے
OOV check failed for substitution: فلسفی -> فلسفے
OOV check failed for substitution: خودہی -> خودی
OOV check failed for deleted word: ئیں
Error processing insertion: list index out of range
OOV check failed for substitution: ولی -> دلی
OOV check failed for substitution: پہچانتے -> پہچانتا
OOV check failed for substitution: جائید -> جائیداد
OOV check failed for substitution: ادسب -> سب
OOV check failed for substitution: تک -> پک
Error processing insertion: 'NoneType' object has no attribute 'upos'
OOV check failed for deletion context around: دو
OOV check failed for substitution: چنگ -> ہیں
OOV check failed for substitution: پے -> پہ
OOV check failed for inserted word: وجہِ
OOV check failed for deleted word: ا
OOV check failed for substitution: ہک -> بک
OOV check failed for substitution: میٹھے -> میٹھا
OOV check failed for substitution: منگا -> منگواۓ
OOV check failed for deleted word: ۓ
OOV check failed for substitution: دو -> دوں
OOV check failed for substitution: چھر -> مکھی
OOV check failed for substitution: ماتھے -> آنکھوں
OOV check failed for deletion context around: براہ
OOV check failed for substitution: بولین -> کہیں
OOV check failed for substitution: سناتی -> اڑاتی
OOV check failed for substitution: ٹکٹیں -> ٹکٹ
OOV check failed for substitution: فرید -> خریدے
OOV check failed for deletion context around: کے
OOV check failed for substitution: کو -> کوا
OOV check failed for deleted word: ا
OOV check failed for substitution: بر -> برخوردار
OOV check failed for deleted word: فرداری
OOV check failed for substitution: خوشبوں -> خوشبو
OOV check failed for insertion context around: اور
OOV check failed for substitution: عرب -> حرب
OOV check failed for substitution: انبیاؤں -> انبیاء
OOV check failed for substitution: اولیاؤں -> اولیاء
OOV check failed for substitution: مربع -> مربہ
OOV check failed for substitution: واپسے -> واپس
OOV check failed for substitution: ہورہے -> ہورہا
OOV check failed for substitution: فتوا -> فتویٰ
OOV check failed for substitution: یے -> یہ
OOV check failed for deletion context around: راستہ
OOV check failed for deletion context around: کی
OOV check failed for substitution: بڑ -> بڑا
OOV check failed for deletion context around: امر
OOV check failed for substitution: ادار -> خریدار
OOV check failed for substitution: تفتیش -> تحقیق
OOV check failed for insertion context around: سے
Error processing insertion: 'NoneType' object has no attribute 'upos'
OOV check failed for substitution: کھتی -> کھٹا
OOV check failed for substitution: پھولا -> پھولی
OOV check failed for deletion context around: و
OOV check failed for deleted word: ما
OOV check failed for deletion context around: اور
OOV check failed for substitution: مضان -> رمضان
OOV check failed for substitution: برائے -> یر
OOV check failed for insertion context around: اور
OOV check failed for deletion context around: کر
OOV check failed for insertion context around: نے
OOV check failed for insertion context around: اپنے
OOV check failed for deletion context around: ہ
OOV check failed for deleted word: پہار
OOV check failed for substitution: دوبڑا -> وہ
OOV check failed for substitution: نافہ -> ناقہ
OOV check failed for deleted word: پن
OOV check failed for substitution: الضحی -> الاضحی
OOV check failed for substitution: باک -> باق
OOV check failed for substitution: درندوں -> درندے
OOV check failed for deletion context around: کو
OOV check failed for insertion context around: کھانا
OOV check failed for substitution: کھاناکھلانا -> کھلانا
OOV check failed for substitution: صواب -> ثواب
OOV check failed for substitution: پرندوں -> پرندے
Error processing insertion: 'NoneType' object has no attribute 'upos'
OOV check failed for substitution: نقطہ -> حمتہ
OOV check failed for substitution: بھیجا -> بھیجنا
OOV check failed for substitution: پرندہ -> پرندے
OOV check failed for deletion context around: ہے
OOV check failed for substitution: پے -> پہ
OOV check failed for deleted word: ما
OOV check failed for substitution: صوم -> معصوم
OOV check failed for deletion context around: کہ
OOV check failed for substitution: تصویرکش -> تصویرکشی
OOV check failed for deletion context around: کرتی
OOV check failed for deletion context around: سید
OOV check failed for substitution: الگائی -> صدالگائی
OOV check failed for substitution: صدا -> سدا
OOV check failed for substitution: متا -> متاع
OOV check failed for substitution: فارہ -> فلاح
OOV check failed for substitution: باتل -> باطل
OOV check failed for substitution: پے -> پہ
OOV check failed for substitution: ضائقہ -> ذائقہ
OOV check failed for substitution: لمبس -> لمبیس
OOV check failed for insertion context around: کی
OOV check failed for substitution: پے -> پہ
OOV check failed for substitution: قصہ -> غصہ
OOV check failed for substitution: سرخ -> پیلا
OOV check failed for substitution: دار -> دانا
OOV check failed for substitution: خلاقہ -> حکومت
OOV check failed for deletion context around: یہ
OOV check failed for substitution: بلکل -> بالکل
OOV check failed for substitution: سیاہی -> روشنائی
OOV check failed for deletion context around: اور
OOV check failed for substitution: شکریا -> شکریہ
OOV check failed for deleted word: کری
OOV check failed for substitution: نوازی -> فرمائی
OOV check failed for substitution: خطرناق -> خطرناک
OOV check failed for substitution: لڑاکی -> لڑاکا
OOV check failed for deleted word: چو
OOV check failed for substitution: ہے -> چوہے
OOV check failed for substitution: باکثرت -> بکثرت
OOV check failed for substitution: پسند -> پسندی
OOV check failed for substitution: نکالتا -> دیتا
OOV check failed for substitution: ڈاڑھی -> داڑھی
OOV check failed for substitution: کا -> تنکا
OOV check failed for deleted word: دانہ
OOV check failed for substitution: پے -> پہ
OOV check failed for substitution: بدن -> بروز
OOV check failed for deletion context around: اپنے
Error processing insertion: 'NoneType' object has no attribute 'upos'
Error processing insertion: 'NoneType' object has no attribute 'upos'
Error processing insertion: 'NoneType' object has no attribute 'upos'
Error processing insertion: 'NoneType' object has no attribute 'upos'
OOV check failed for substitution: پے -> پر
Error processing insertion: 'NoneType' object has no attribute 'upos'
OOV check failed for substitution: بناؤ. -> بناؤ
OOV check failed for insertion context around: ۔
Error processing insertion: 'NoneType' object has no attribute 'upos'
OOV check failed for substitution: تالب -> طالب
OOV check failed for substitution: الم -> علم
OOV check failed for deletion context around: پر
OOV check failed for substitution: رہہ -> رہ
OOV check failed for substitution: اُردو -> اُردُو
OOV check failed for substitution: سمٹتا -> سمیٹا
OOV check failed for substitution: پاٹ -> پھٹ
OOV check failed for substitution: لمبا -> لمبی
Error processing insertion: 'NoneType' object has no attribute 'upos'
Error processing insertion: 'NoneType' object has no attribute 'upos'
OOV check failed for insertion context around: ،
OOV check failed for inserted word: وُہ
OOV check failed for substitution: اِسی -> اِس
OOV check failed for substitution: درد -> سردرد
OOV check failed for substitution: کھیلنی -> کھیلنا
OOV check failed for substitution: الامہ -> علامہ
OOV check failed for substitution: بڑھائے -> بڑھائیں
OOV check failed for substitution: بلا -> بلاؤ
OOV check failed for substitution: و۔ -> ۔
OOV check failed for substitution: در -> دروازہ
OOV check failed for deleted word: وزا
OOV check failed for substitution: ہورہا -> ہورہی
OOV check failed for substitution: لانی -> لانے
OOV check failed for substitution: قائدہ -> قاعدہ
Error processing insertion: 'NoneType' object has no attribute 'upos'
OOV check failed for substitution: نعمتے -> نعمتیں
OOV check failed for substitution: سمر -> ثمر
OOV check failed for substitution: پہچانا -> پہنچانا
OOV check failed for substitution: کھٹی -> کھٹا
Error processing insertion: 'NoneType' object has no attribute 'upos'
OOV check failed for substitution: مربع -> مربہ
OOV check failed for insertion context around: ۔
OOV check failed for substitution: سیدھا -> سیدھی
OOV check failed for insertion context around: ہے
Error processing insertion: list index out of range
OOV check failed for substitution: لاؤ -> لائیں
OOV check failed for substitution: صواب -> ثواب
Error processing insertion: list index out of range
OOV check failed for substitution: لکھے -> لکھیں
OOV check failed for substitution: قاعد -> قائد
OOV check failed for substitution: ہٹایا -> ہٹائی
OOV check failed for substitution: ملائی -> ملایا
OOV check failed for substitution: نکالو -> دو
OOV check failed for substitution: فعل -> فیل
OOV check failed for insertion context around: اور
OOV check failed for deleted word: با
OOV check failed for substitution: باندی -> باندھیں
OOV check failed for deletion context around: جائے
OOV check failed for substitution: نی -> نیا
Error processing insertion: 'NoneType' object has no attribute 'upos'
OOV check failed for insertion context around: :
OOV check failed for substitution: کہلاتے -> کہلاتی
OOV check failed for substitution: سوچی -> سوچا
OOV check failed for substitution: کھائی -> کھایا
OOV check failed for substitution: تازی -> تازہ
OOV check failed for inserted word: لیڈی
OOV check failed for substitution: ڈاکٹرنی -> ڈاکٹر
OOV check failed for substitution: افسانے -> افسانہ
OOV check failed for substitution: ڈرامے -> ڈراما
OOV check failed for substitution: فیصلا -> فیصل
OOV check failed for substitution: باد -> آباد
OOV check failed for substitution: ضا -> ضائع
OOV check failed for deletion context around: یا
OOV check failed for deletion context around: بے
Error processing insertion: 'NoneType' object has no attribute 'upos'
Error processing deletion: 'NoneType' object has no attribute 'upos'
OOV check failed for substitution: جا‎ؤ -> جاؤ
OOV check failed for substitution: غصّہ -> غصّے
OOV check failed for substitution: باک -> باق
OOV check failed for substitution: لاؤ -> لے
Error processing insertion: 'NoneType' object has no attribute 'upos'
OOV check failed for insertion context around: ہیں
OOV check failed for substitution: فعل -> فیل
OOV check failed for substitution: لڑاکی -> لڑاکا
OOV check failed for insertion context around: ہیں
OOV check failed for substitution: بھوت -> بہت
Error processing insertion: list index out of range
OOV check failed for substitution: لھڑی -> بڑی
OOV check failed for insertion context around: نے
OOV check failed for substitution: سجتے -> سمجھتے
OOV check failed for substitution: بلکل -> بالکل
OOV check failed for substitution: نقسان -> نقصان
Error processing insertion: 'NoneType' object has no attribute 'upos'
OOV check failed for substitution: ماف -> معاف
OOV check failed for inserted word: .
OOV check failed for substitution: ملایا -> بلایا
OOV check failed for substitution: گور -> غور
OOV check failed for deletion context around: پر
OOV check failed for substitution: زریہ -> زریعے
OOV check failed for substitution: ہواہے -> ہوا
OOV check failed for insertion context around: اور
OOV check failed for insertion context around: ملتے
Error processing insertion: list index out of range
Error processing insertion: list index out of range
OOV check failed for substitution: لکریا -> لکٰڑیاں
OOV check failed for deleted word: اخسی
Error processing insertion: 'NoneType' object has no attribute 'upos'
OOV check failed for substitution: کیمتی -> قیمتی
OOV check failed for substitution: بتائوں -> بتاوں
OOV check failed for substitution: ذروری -> ضروری
Error processing insertion: 'NoneType' object has no attribute 'upos'
OOV check failed for substitution: توم -> تم
OOV check failed for substitution: کاٹے -> کاٹتے
Error processing insertion: 'NoneType' object has no attribute 'upos'
OOV check failed for substitution: ہمیے -> ہمیں
OOV check failed for substitution: پیپر -> کاغز
OOV check failed for substitution: کھیک -> تھیک
OOV check failed for insertion context around: ہوں
OOV check failed for substitution: ہوگے -> گے
Error processing insertion: list index out of range
OOV check failed for substitution: ھوا -> ہوا
OOV check failed for substitution: الودگی -> آلودگی
Error processing insertion: 'NoneType' object has no attribute 'upos'
OOV check failed for substitution: نکسن -> نقصان
OOV check failed for substitution: جاھو -> چھاوں
OOV check failed for substitution: نہینے -> نہیں
OOV check failed for deleted word: تے
OOV check failed for deletion context around: ہیں
OOV check failed for substitution: چھوں -> چھاوں
OOV check failed for substitution: فر -> پھر
OOV check failed for substitution: دوپ -> دھوپ
OOV check failed for insertion context around: ،
OOV check failed for substitution: دیان -> دہان
OOV check failed for substitution: اتے -> رہتے
OOV check failed for substitution: چ -> کچھ
OOV check failed for substitution: موحول -> ماحول
OOV check failed for deletion context around: بھی
OOV check failed for substitution: آسیجن -> آکسیجن
OOV check failed for substitution: دوائی -> ادویات
OOV check failed for deleted word: یاں
OOV check failed for substitution: بچاتا -> بچاتے
Error processing insertion: 'NoneType' object has no attribute 'upos'
OOV check failed for substitution: ابھی -> ۔ابھی
OOV check failed for substitution: نقسان -> نقصان
OOV check failed for substitution: نقسان -> نقصان
Error processing insertion: 'NoneType' object has no attribute 'upos'
OOV check failed for deletion context around: سے
OOV check failed for substitution: ماہول -> ماحول
OOV check failed for substitution: ستارہ -> ستھرا
OOV check failed for substitution: کبابوں -> کباب
OOV check failed for substitution: رکے -> رکھیں
OOV check failed for substitution: اُگاے -> اُگائیں
OOV check failed for deletion context around: چچا
OOV check failed for substitution: کبابی -> وہ
Error processing insertion: 'NoneType' object has no attribute 'upos'
OOV check failed for substitution: . -> ؟
OOV check failed for substitution: کروگے -> کریں
OOV check failed for substitution: آپابندی -> پابندی
Error processing insertion: 'NoneType' object has no attribute 'upos'
OOV check failed for substitution: کھل -> کھیلیں
OOV check failed for deleted word: تے
OOV check failed for deletion context around: ہو
OOV check failed for substitution: آسے -> ایسے
OOV check failed for deletion context around: اور
OOV check failed for substitution: کہلائے -> کہلاتے
OOV check failed for substitution: یے -> لیے
OOV check failed for insertion context around: تھے
OOV check failed for substitution: زروری -> ضروری
OOV check failed for substitution: کہلائے -> کہلاتے
Error processing substitution: list index out of range
OOV check failed for insertion context around: تھے
Error processing substitution: list index out of range
OOV check failed for insertion context around: ہے
OOV check failed for substitution: جیسے -> ،جیسے
Error processing substitution: list index out of range
OOV check failed for insertion context around: میں
Error processing insertion: list index out of range
OOV check failed for insertion context around: گے
OOV check failed for substitution: بلکل -> بالکل
OOV check failed for substitution: کے -> اسکے
OOV check failed for substitution: کرنا -> کرہیں
OOV check failed for insertion context around: اور
Error processing insertion: list index out of range
OOV check failed for substitution: اسلیے -> لیے
Error processing insertion: list index out of range
OOV check failed for substitution: مرثیہ -> مرثیے
OOV check failed for substitution: ملا -> ملایا
OOV check failed for substitution: سوری -> معذرت
OOV check failed for substitution: متابک -> مطابق
OOV check failed for substitution: دبارا -> دوبارہ
Error processing insertion: list index out of range
OOV check failed for deletion context around: پر
OOV check failed for substitution: پرنہیں -> نہیں
OOV check failed for substitution: فرک -> فرق
OOV check failed for insertion context around: ۔
OOV check failed for insertion context around: اور
OOV check failed for substitution: جائے -> جایئں
Error processing substitution: list index out of range
Error processing insertion: 'NoneType' object has no attribute 'upos'
OOV check failed for substitution: بیلنس -> توازن
OOV check failed for insertion context around: میں
OOV check failed for substitution: کرتا -> لاتا
OOV check failed for substitution: فائدے -> فوائد
Error processing insertion: 'NoneType' object has no attribute 'upos'
OOV check failed for substitution: پڑیگا -> پڑےگا
Error processing insertion: list index out of range
OOV check failed for insertion context around: ،
OOV check failed for substitution: توشن -> تیوشن
OOV check failed for deletion context around: سے
OOV check failed for substitution: ٹیک -> ٹھیک
OOV check failed for substitution: چالے -> ہو
OOV check failed for substitution: پڑای -> پڑھائی
Error processing insertion: 'NoneType' object has no attribute 'upos'
OOV check failed for substitution: سیکے -> سیکھیں
OOV check failed for insertion context around: ۔
OOV check failed for substitution: ہو -> ہوگئے
OOV check failed for substitution: اوفس -> دفتر
Error processing insertion: 'NoneType' object has no attribute 'upos'
OOV check failed for substitution: حاص -> خاص
Error processing insertion: 'NoneType' object has no attribute 'upos'
Error processing insertion: 'NoneType' object has no attribute 'upos'
OOV check failed for substitution: ایسے -> برے
OOV check failed for deletion context around: کہ
OOV check failed for substitution: دوستے -> ہفتے
OOV check failed for substitution: وہ -> قہر
OOV check failed for deleted word: غزت
OOV check failed for substitution: گھرنازل -> نازل
Error processing insertion: 'NoneType' object has no attribute 'upos'
OOV check failed for inserted word: ذائع
OOV check failed for substitution: کے -> نےکے
Error processing insertion: list index out of range
OOV check failed for substitution: وجہوں -> وجوہات
Error processing insertion: 'NoneType' object has no attribute 'upos'
Error processing insertion: list index out of range
Error processing insertion: list index out of range
OOV check failed for deletion context around: ایک
OOV check failed for substitution: کھانی -> کھانے
OOV check failed for deletion context around: بھی
OOV check failed for substitution: کھراب -> خراب
Error processing substitution: list index out of range
OOV check failed for deletion context around: اس
OOV check failed for deleted word: خط
OOV check failed for deletion context around: میں
OOV check failed for substitution: لحاظا -> کہ
OOV check failed for substitution: سانی -> ثانی
OOV check failed for insertion context around: اس
OOV check failed for inserted word: خط
OOV check failed for insertion context around: میں
Error processing insertion: list index out of range
Error processing insertion: list index out of range
OOV check failed for substitution: جوب -> نوکری
OOV check failed for deleted word: لیئے
OOV check failed for substitution: اپلائے -> درخواست
OOV check failed for substitution: انٹرویو -> نوکری
OOV check failed for insertion context around: کی
OOV check failed for substitution: جوب -> نوکری
OOV check failed for insertion context around: ،
Error processing insertion: 'NoneType' object has no attribute 'upos'
OOV check failed for insertion context around: جبکہ
Error processing insertion: 'NoneType' object has no attribute 'upos'
OOV check failed for deletion context around: میں
OOV check failed for substitution: لیٹ -> دیر
OOV check failed for substitution: ہونگے -> پہنچیں
OOV check failed for insertion context around: گے
Error processing insertion: list index out of range
Error processing insertion: list index out of range
OOV check failed for inserted word: لوں
OOV check failed for substitution: لوگا -> گا
Error processing insertion: 'NoneType' object has no attribute 'upos'
Error processing insertion: list index out of range
OOV check failed for insertion context around: دو
OOV check failed for substitution: جائینگے -> جائیں
OOV check failed for substitution: ہوتھے -> ہوں
OOV check failed for substitution: لیٹ -> دیر
Error processing substitution: list index out of range
OOV check failed for substitution: اسانی -> آسان
OOV check failed for substitution: آتی -> .
OOV check failed for substitution: لئے -> لیئے
OOV check failed for insertion context around: کر
OOV check failed for substitution: لگتی -> نی
OOV check failed for insertion context around: ہوتی
OOV check failed for deleted word: اتئی
OOV check failed for inserted word: آجائے
OOV check failed for insertion context around: تو
OOV check failed for inserted word: ہوجاتی
OOV check failed for substitution: لئے -> لیئے
OOV check failed for substitution: بر -> برقرار
OOV check failed for deleted word: کرار
Error processing substitution: list index out of range
OOV check failed for insertion context around: نے
OOV check failed for substitution: اچھا. -> اچھا
OOV check failed for substitution: کھائے -> کھائیں
OOV check failed for insertion context around: ،
OOV check failed for substitution: پیام -> پیئں
OOV check failed for substitution: Cells -> خلیات
OOV check failed for deletion context around: ہمارے
Error processing substitution: list index out of range
Error processing substitution: list index out of range
OOV check failed for insertion context around: پھر
Error processing insertion: 'NoneType' object has no attribute 'upos'
OOV check failed for substitution: فیمس -> مشہور
OOV check failed for substitution: . -> ۔
OOV check failed for substitution: نہم -> ہم
Error processing substitution: list index out of range
OOV check failed for substitution: ٹھہرا -> ٹھہراتے
Error processing insertion: 'NoneType' object has no attribute 'upos'
Error processing insertion: list index out of range
OOV check failed for substitution: چھٹی -> چھٹیاں
OOV check failed for deletion context around: ان
OOV check failed for substitution: جوئی -> مزے
OOV check failed for insertion context around: سے
Error processing insertion: 'NoneType' object has no attribute 'upos'
OOV check failed for substitution: کھائے -> کھائیں
OOV check failed for substitution: چھٹیا -> چھٹیاں
OOV check failed for deletion context around: یوں
OOV check failed for substitution: فرش -> کرتی
OOV check failed for insertion context around: اور
OOV check failed for substitution: چھٹیایوں -> چھٹیوں
OOV check failed for substitution: صبح -> صیح
OOV check failed for insertion context around: سے
OOV check failed for substitution: کریں -> کرسکیں
OOV check failed for insertion context around: گے
Error processing insertion: list index out of range
OOV check failed for substitution: باٹوں -> بتاو
Error processing insertion: 'NoneType' object has no attribute 'upos'
Error processing deletion: 'NoneType' object has no attribute 'upos'
Error processing insertion: list index out of range
OOV check failed for substitution: کرںگے -> کریں
Error processing insertion: 'NoneType' object has no attribute 'upos'
OOV check failed for substitution: یاں -> یہاں
OOV check failed for substitution: مزا -> مزے
OOV check failed for substitution: کرںگے -> کریں
Error processing insertion: 'NoneType' object has no attribute 'upos'
Error processing insertion: 'NoneType' object has no attribute 'upos'
OOV check failed for substitution: پیار -> پیارے
OOV check failed for substitution: چوٹیوں -> چھٹیوں
OOV check failed for substitution: فلمیے -> فلمیں
OOV check failed for deletion context around: کیا
OOV check failed for substitution: کیتنا -> خوب
OOV check failed for substitution: مفا -> مزے
OOV check failed for deletion context around: کار
OOV check failed for substitution: رہینگے -> کریں
Error processing insertion: 'NoneType' object has no attribute 'upos'
OOV check failed for substitution: سمجھنے -> سمجھنا
OOV check failed for deletion context around: گے
OOV check failed for substitution: گرمیو -> گرمیوں
OOV check failed for substitution: گزارنی -> گزارنا
OOV check failed for insertion context around: چاہتا
OOV check failed for substitution: اسلئے -> اسلیے
OOV check failed for deletion context around: ہے
OOV check failed for substitution: کی -> بننےکی
OOV check failed for insertion context around: کو
OOV check failed for substitution: گزارے -> گزاریں
OOV check failed for substitution: ٹور -> گھومنے
OOV check failed for inserted word: .
OOV check failed for insertion context around: میں
OOV check failed for inserted word: .
OOV check failed for substitution: بڑا -> بڑہا
OOV check failed for substitution: چھٹی -> چھٹیوں
OOV check failed for deleted word: ر
OOV check failed for substitution: یں -> ریں
Error processing substitution: list index out of range
Error processing insertion: 'NoneType' object has no attribute 'upos'
Error processing insertion: list index out of range
OOV check failed for substitution: ہوگے -> ہوںگے
OOV check failed for substitution: انٹی -> آنٹی
OOV check failed for substitution: گزارے -> گزاریں
OOV check failed for substitution: کرِے -> کریں
OOV check failed for substitution: گزارے -> گزاریں
OOV check failed for substitution: آجائے -> آجائیں
OOV check failed for insertion context around: کہ
OOV check failed for substitution: کرئے -> کریں
OOV check failed for deletion context around: وہ
OOV check failed for substitution: غرور -> مغرور
OOV check failed for substitution: کزارش -> سےگزارش
OOV check failed for substitution: آجائے -> آجائیں
Error processing insertion: list index out of range
OOV check failed for inserted word: اسکی
OOV check failed for deleted word: مینے
OOV check failed for insertion context around: ساتھ
OOV check failed for deleted word: دکھی
OOV check failed for deletion context around: کی
OOV check failed for deletion context around: گر
OOV check failed for substitution: میروں -> گرمیوں
Error processing insertion: 'NoneType' object has no attribute 'upos'
OOV check failed for substitution: مزان -> مزہ
Error processing insertion: list index out of range
Error processing insertion: 'NoneType' object has no attribute 'upos'
Error processing insertion: 'NoneType' object has no attribute 'upos'
OOV check failed for substitution: چا -> چاہ
OOV check failed for deletion context around: کا
OOV check failed for deleted word: چارے
OOV check failed for deletion context around: تھے
OOV check failed for substitution: برآھی -> بھرآئی
OOV check failed for deletion context around: ،
OOV check failed for substitution: مانو -> جیسے
Error processing substitution: list index out of range
OOV check failed for substitution: تھا. -> تھا
Error processing insertion: list index out of range
Error processing insertion: list index out of range
OOV check failed for substitution: ہوگئے -> ہوگئی
OOV check failed for insertion context around: ۔
OOV check failed for substitution: فورن -> فاراََ
OOV check failed for substitution: آگیا -> ہوگیا
OOV check failed for insertion context around: ۔
OOV check failed for deletion context around: کی
OOV check failed for deleted word: خوشبھ
OOV check failed for substitution: پیاری -> پیارے
OOV check failed for insertion context around: اور
OOV check failed for inserted word: خوشبودار
Error processing substitution: list index out of range
OOV check failed for deleted word: واہان
OOV check failed for deletion context around: جو
OOV check failed for deletion context around: تھے
OOV check failed for substitution: واہاں -> وہاں
OOV check failed for substitution: شائستہ -> شائستگی
OOV check failed for deletion context around: وہ
OOV check failed for deletion context around: الگ
OOV check failed for substitution: کسم -> قسم
OOV check failed for substitution: کسم -> قسم
OOV check failed for substitution: برنگی -> برنگے
OOV check failed for insertion context around: بھی
OOV check failed for insertion context around: ہے
Error processing insertion: list index out of range
Error processing insertion: list index out of range
OOV check failed for deletion context around: ہی
OOV check failed for substitution: جارہے -> رہے
OOV check failed for deleted word: کیو
Error processing insertion: 'NoneType' object has no attribute 'upos'
OOV check failed for substitution: پوروں -> پودوں
Error processing insertion: 'NoneType' object has no attribute 'upos'
OOV check failed for substitution: لگائے -> لگایئں
Error processing insertion: list index out of range
OOV check failed for substitution: ابتدائے -> ابتدائی
OOV check failed for substitution: پودھے -> پودے
Error processing insertion: 'NoneType' object has no attribute 'upos'
Error processing deletion: 'NoneType' object has no attribute 'upos'
Error processing insertion: 'NoneType' object has no attribute 'upos'
OOV check failed for substitution: بیچے -> بیچ
OOV check failed for insertion context around: لی
OOV check failed for substitution: کیں -> جیے
OOV check failed for insertion context around: گا
Error processing insertion: list index out of range
Error processing insertion: 'NoneType' object has no attribute 'upos'
OOV check failed for substitution: حالاتوں -> حالات
OOV check failed for insertion context around: خراب
OOV check failed for inserted word: ہوگئے
OOV check failed for insertion context around: اور
Error processing insertion: list index out of range
OOV check failed for deletion context around: ۔
OOV check failed for substitution: کومپی -> مقابلہ
OOV check failed for deleted word: ٹیشن
Error processing insertion: 'NoneType' object has no attribute 'upos'
Error processing insertion: list index out of range
OOV check failed for insertion context around: ہوتا
Error processing insertion: 'NoneType' object has no attribute 'upos'
OOV check failed for inserted word: حس
OOV check failed for substitution: بولیں -> روکیں
OOV check failed for insertion context around: ،
OOV check failed for insertion context around: باغ
Error processing insertion: list index out of range
OOV check failed for substitution: سوچی -> سوچا
Error processing insertion: list index out of range
Error processing insertion: list index out of range
OOV check failed for deleted word: خلقان
OOV check failed for inserted word: خلقان
OOV check failed for deleted word: ہتا
Error processing insertion: 'NoneType' object has no attribute 'upos'
Error processing insertion: 'NoneType' object has no attribute 'upos'
Error processing insertion: 'NoneType' object has no attribute 'upos'
OOV check failed for substitution: ندارے -> پرندے
OOV check failed for substitution: برنگ -> برنگے
OOV check failed for insertion context around: ،
Error processing insertion: list index out of range
Error processing insertion: list index out of range
Error processing insertion: 'NoneType' object has no attribute 'upos'
OOV check failed for insertion context around: ،
OOV check failed for inserted word: اسکا
OOV check failed for substitution: الفاظوں -> الفاظ
OOV check failed for substitution: طرقے -> طریقا
Error processing insertion: list index out of range
OOV check failed for substitution: پھینکے -> پھینکنا
OOV check failed for insertion context around: چاہیے
OOV check failed for insertion context around: کیونکہ
OOV check failed for deletion context around: تو
OOV check failed for deletion context around: جو
OOV check failed for substitution: اسلامو -> اسلام
OOV check failed for substitution: الیکلم -> علیکم
OOV check failed for substitution: ناکہ -> کہ
OOV check failed for substitution: توم -> تم
OOV check failed for deletion context around: و
OOV check failed for deleted word: االی
OOV check failed for substitution: کم -> علیکم
OOV check failed for substitution: اٹھنا -> اٹھانا
OOV check failed for substitution: مجے -> مجھے
OOV check failed for substitution: بہوت -> بہت
OOV check failed for substitution: خسی -> خوشی
OOV check failed for substitution: ہوے -> ہو
OOV check failed for substitution: ات -> اپ
OOV check failed for substitution: اہوگے -> اوگے
OOV check failed for deletion context around: نہیں
OOV check failed for substitution: دید -> دیر
OOV check failed for substitution: باعی -> بھائی
OOV check failed for substitution: کچرا -> کچرے
OOV check failed for substitution: چاتی -> چاہتی
OOV check failed for substitution: عسلام -> اسلام
OOV check failed for deletion context around: و
OOV check failed for substitution: عیکم -> علیکم
OOV check failed for substitution: ہوگے -> ہوںگے
OOV check failed for substitution: آراہے -> ارہے
OOV check failed for substitution: اسالام -> اسلام
OOV check failed for deletion context around: و
OOV check failed for substitution: ایلیکوم -> علیکم
OOV check failed for substitution: رہنی -> رکھنی
OOV check failed for substitution: پیری -> پیاری
OOV check failed for substitution: تومیں -> تمہیں
OOV check failed for substitution: ساتھیو -> ساتھیوں
OOV check failed for substitution: زرور -> ضرور
OOV check failed for substitution: خش -> خوش
OOV check failed for substitution: ذرور -> ضرور
OOV check failed for substitution: دیرا -> دیتا
OOV check failed for substitution: بھارے -> بارے
OOV check failed for substitution: خیرید -> خیریت
OOV check failed for substitution: ہوگئی -> ہو
Error processing insertion: 'NoneType' object has no attribute 'upos'
OOV check failed for substitution: ضارور -> ضرور
OOV check failed for substitution: ائینگی -> آئیں
Error processing insertion: 'NoneType' object has no attribute 'upos'
OOV check failed for substitution: زراسل -> دراصل
OOV check failed for substitution: کھنا -> کہنا
OOV check failed for substitution: اسالام -> اسلام
OOV check failed for substitution: عوالیکوم -> علیکم
OOV check failed for substitution: دیرہ -> دے
Error processing insertion: 'NoneType' object has no attribute 'upos'
OOV check failed for substitution: چائی -> چاہیے
OOV check failed for substitution: کوذارش -> گزارش
OOV check failed for deletion context around: یہ
OOV check failed for substitution: ذرور -> ضرور
OOV check failed for substitution: ہے -> گیں
OOV check failed for substitution: شوک -> شوق
OOV check failed for substitution: پیارے -> پیاری
OOV check failed for insertion context around: ہے
OOV check failed for substitution: جھٹائی -> جیتائے
OOV check failed for substitution: ہے -> گیں
OOV check failed for insertion context around: ہے
OOV check failed for substitution: پرتوگل -> پرتگال
OOV check failed for substitution: ایئورو -> یورو
OOV check failed for substitution: اونچا -> اونچی
OOV check failed for substitution: جاہنپ -> چھلانگ
OOV check failed for substitution: گندا -> گندی
OOV check failed for substitution: مرتبا -> مرتبہ
OOV check failed for deletion context around: بھی
OOV check failed for substitution: اعمر -> عامر
OOV check failed for substitution: خد -> خود
OOV check failed for substitution: شعروں -> شروع
OOV check failed for substitution: بارسالونا -> بارسلونا
OOV check failed for substitution: تور -> توڑ
OOV check failed for substitution: سودی -> سعودیہ
OOV check failed for substitution: چیز -> چیزیں
OOV check failed for deleted word: آئینگے
OOV check failed for deletion context around: اور
OOV check failed for insertion context around: کہ
OOV check failed for substitution: اور -> اسلیے
OOV check failed for substitution: بنو -> بنوں
OOV check failed for insertion context around: کر
OOV check failed for inserted word: سکوں
OOV check failed for deleted word: مندی
OOV check failed for substitution: بندوں -> لوگوں
OOV check failed for substitution: ملگئی -> گیا
OOV check failed for substitution: بول -> بولرز
Error processing insertion: 'NoneType' object has no attribute 'upos'
OOV check failed for deletion context around: ہے
OOV check failed for substitution: اتارتا -> برساتا
OOV check failed for substitution: کھیل -> کھیلتا
OOV check failed for deletion context around: ان
OOV check failed for substitution: ﷺ -> آپﷺ
OOV check failed for substitution: لکڑا -> لکڑی
OOV check failed for substitution: آپا -> آپ
OOV check failed for deletion context around: سے
OOV check failed for deleted word: پہچانے
OOV check failed for deletion context around: جاتے
Error processing substitution: list index out of range
Error processing insertion: 'NoneType' object has no attribute 'upos'
OOV check failed for substitution: بنجاتا -> بنا
OOV check failed for substitution: بتاؤ -> بتاؤں
OOV check failed for deletion context around: ہاں
OOV check failed for substitution: کاٹ -> کاٹنا
OOV check failed for substitution: بتاؤ -> بتاؤں
OOV check failed for substitution: نکلتا -> ہوتی
OOV check failed for substitution: پتا -> پتہ
OOV check failed for substitution: لکڑا -> لکڑی
OOV check failed for substitution: شرابیں -> شرابے
OOV check failed for insertion context around: چاہتا
OOV check failed for insertion context around: سے
OOV check failed for substitution: بڑا -> بڑ۱
OOV check failed for insertion context around: بڑے
OOV check failed for substitution: تورے -> توڑے
OOV check failed for substitution: اچھیں -> اچھی
OOV check failed for insertion context around: جگہ
OOV check failed for substitution: تعارف -> تعریف
OOV check failed for substitution: کارنامے -> کارناموں
OOV check failed for substitution: چیزے -> چیزیں
OOV check failed for substitution: ان -> انہون
OOV check failed for substitution: انے -> انھیں
OOV check failed for substitution: انے -> انھوں
OOV check failed for substitution: پیاری -> پیار
OOV check failed for substitution: بدلے -> بدلیں
OOV check failed for substitution: دکھائی -> دکھاتی
OOV check failed for substitution: لکھی -> لکھیں
OOV check failed for insertion context around: ہیں
OOV check failed for substitution: سادی -> سادہ
OOV check failed for deletion context around: میں
OOV check failed for substitution: کئیں -> کئی
OOV check failed for insertion context around: نے
OOV check failed for substitution: ان -> انھون
OOV check failed for substitution: تحقیق -> تخلیق
OOV check failed for substitution: تعریف -> تعریفیں
OOV check failed for substitution: پڑھتا -> پڑتا
OOV check failed for insertion context around: سے
OOV check failed for substitution: عادتوں -> عادات
OOV check failed for substitution: آپ -> آپ
OOV check failed for insertion context around: ہے
OOV check failed for substitution: بوری -> بری
OOV check failed for insertion context around: ہے
OOV check failed for insertion context around: ہیں
OOV check failed for substitution: رکھیئے -> رکھیں
OOV check failed for insertion context around: ہیں
OOV check failed for substitution: آخرے -> آخری
OOV check failed for substitution: رکھیئے -> رکھیں
OOV check failed for substitution: جائیے -> جائیں
OOV check failed for substitution: کاٹے -> کاٹیں
OOV check failed for substitution: ہٹ -> ہٹنا
OOV check failed for substitution: سے -> سےاپنی
OOV check failed for substitution: تمہے -> تمہیں
OOV check failed for insertion context around: نہ
OOV check failed for substitution: بن -> بنتی
OOV check failed for deletion context around: کا
OOV check failed for insertion context around: کے
OOV check failed for substitution: نصر -> نثر
OOV check failed for substitution: اپنائے -> اپنایا
OOV check failed for insertion context around: کے
OOV check failed for substitution: فوائدمند -> فائدےمند
OOV check failed for deletion context around: ہے
OOV check failed for deletion context around: ہے
OOV check failed for substitution: کاٹتے -> کاٹوں
OOV check failed for deletion context around: کو
Error processing substitution: list index out of range
OOV check failed for deleted word: آپ
OOV check failed for deletion context around: کا
OOV check failed for substitution: فلسفی -> فلسفے
OOV check failed for substitution: خودہی -> خودی
OOV check failed for substitution: بتاوٰں -> بتائیں
OOV check failed for insertion context around: کو
OOV check failed for substitution: دو -> دوں
Error processing insertion: 'NoneType' object has no attribute 'upos'
OOV check failed for substitution: پے -> پہ
OOV check failed for insertion context around: ہیں
OOV check failed for substitution: بنتے -> بنتی
OOV check failed for inserted word: وجہِ
OOV check failed for insertion context around: ہے
OOV check failed for substitution: منگا -> منگواۓ
OOV check failed for deleted word: ۓ
OOV check failed for substitution: دو -> دوں
OOV check failed for substitution: بولین -> کہیں
OOV check failed for substitution: ہوتا -> آتا
OOV check failed for deletion context around: کے
OOV check failed for insertion context around: ،
OOV check failed for substitution: پڑھے -> پڑھیں
OOV check failed for substitution: کھیلے -> کھیلیں
OOV check failed for substitution: انکی -> انکے
OOV check failed for substitution: کیلیے -> سے
OOV check failed for substitution: خوشبوں -> خوشبو
OOV check failed for insertion context around: اور
OOV check failed for substitution: واپسے -> واپس
OOV check failed for substitution: ہورہے -> ہورہا
OOV check failed for insertion context around: تو
OOV check failed for insertion context around: کو
OOV check failed for substitution: کرنا -> سمجھنا
OOV check failed for substitution: چلے -> چلیں
OOV check failed for substitution: بڑھے -> بڑھیں
OOV check failed for substitution: چلے -> چلیں
OOV check failed for insertion context around: سے
Error processing insertion: 'NoneType' object has no attribute 'upos'
OOV check failed for insertion context around: نے
OOV check failed for insertion context around: اپنے
OOV check failed for deleted word: پن
Error processing substitution: list index out of range
OOV check failed for substitution: درندوں -> درندے
OOV check failed for deletion context around: کو
OOV check failed for substitution: پرندوں -> پرندے
Error processing insertion: 'NoneType' object has no attribute 'upos'
OOV check failed for substitution: پرندہ -> پرندے
OOV check failed for substitution: پے -> پہ
OOV check failed for substitution: تصویرکش -> تصویرکشی
OOV check failed for deletion context around: کرتی
OOV check failed for substitution: کھیلے -> کھیلیں
OOV check failed for substitution: نکلتے -> نکلتا
OOV check failed for substitution: پے -> پہ
OOV check failed for insertion context around: کی
OOV check failed for substitution: پے -> پہ
OOV check failed for deletion context around: یہ
OOV check failed for insertion context around: ،
OOV check failed for deletion context around: اور
OOV check failed for deleted word: کری
OOV check failed for substitution: پسند -> پسندی
OOV check failed for substitution: پے -> پہ
OOV check failed for substitution: جائیں -> جاوٰ
OOV check failed for deletion context around: اپنے
OOV check failed for insertion context around: دفعہ
OOV check failed for substitution: پے -> پر
OOV check failed for substitution: اٹھے -> اٹھیں
OOV check failed for deletion context around: پر
Error processing insertion: 'NoneType' object has no attribute 'upos'
Error processing insertion: list index out of range
OOV check failed for substitution: رہہ -> رہ
OOV check failed for substitution: جاسکے -> جاسکیں
OOV check failed for substitution: سمٹتا -> سمیٹا
OOV check failed for substitution: آئے -> آئیں
OOV check failed for insertion context around: ،
OOV check failed for inserted word: وُہ
OOV check failed for substitution: اِسی -> اِس
OOV check failed for substitution: چھٹیاں -> چھٹیوں
OOV check failed for substitution: آؤں -> آؤ
OOV check failed for substitution: بڑھائے -> بڑھائیں
OOV check failed for substitution: آؤں -> آؤ
OOV check failed for substitution: گئ -> گی
OOV check failed for substitution: ہوگئے -> گے
OOV check failed for substitution: گزاروں -> گزارو
OOV check failed for substitution: لانی -> لانے
OOV check failed for substitution: چھٹیاں -> چھٹیوں
OOV check failed for substitution: نعمتے -> نعمتیں
OOV check failed for substitution: گزارے -> گزاریں
OOV check failed for substitution: کھیلے -> کھیلیں
OOV check failed for substitution: پڑھے -> پڑھیں
OOV check failed for substitution: چلے -> چلیں
OOV check failed for substitution: آئے -> آئیں
OOV check failed for insertion context around: ہے
Error processing insertion: list index out of range
OOV check failed for substitution: آجاؤں -> آجاؤ
OOV check failed for substitution: آجاؤں -> آجائیں
OOV check failed for deletion context around: میں
OOV check failed for substitution: آجاؤں -> آجائیں
OOV check failed for substitution: جارہے -> جارہی
OOV check failed for substitution: لکھے -> لکھیں
OOV check failed for substitution: چلے -> چلیں
OOV check failed for substitution: کھائے -> کھائیں
OOV check failed for insertion context around: اور
OOV check failed for substitution: گزارے -> گزاریں
OOV check failed for substitution: آئے -> آئیں
OOV check failed for substitution: باندی -> باندھیں
OOV check failed for deletion context around: جائے
OOV check failed for substitution: چھٹیاں -> چھٹیوں
OOV check failed for insertion context around: :
OOV check failed for substitution: کہلاتے -> کہلاتی
OOV check failed for insertion context around: ،
OOV check failed for substitution: گزارے -> گزاریں
OOV check failed for substitution: ہوگئے -> ہوگئ
OOV check failed for substitution: افسانے -> افسانہ
OOV check failed for substitution: ڈرامے -> ڈراما
OOV check failed for substitution: منائے -> منائیں
OOV check failed for substitution: چلیگے -> چلیں
OOV check failed for insertion context around: گے
OOV check failed for substitution: چلیگے -> چلیں
OOV check failed for insertion context around: گے
OOV check failed for insertion context around: ہیں
OOV check failed for insertion context around: ہیں
Error processing insertion: list index out of range
OOV check failed for substitution: چھٹیاں -> چھٹیوں
OOV check failed for substitution: آؤ -> آؤں
OOV check failed for substitution: جگہ -> جگہیں
OOV check failed for substitution: ملایا -> بلایا
OOV check failed for substitution: مزہ -> مزے
OOV check failed for substitution: ہوگی -> ہونگی
OOV check failed for deletion context around: پر
OOV check failed for substitution: بتا -> بتاؤں
OOV check failed for insertion context around: کو
Error processing insertion: 'NoneType' object has no attribute 'upos'
OOV check failed for substitution: چھٹیاں -> چھٹیوں
OOV check failed for insertion context around: ،
OOV check failed for substitution: مزہ -> مزے
OOV check failed for substitution: گزارے -> گزاریں
OOV check failed for substitution: بھولے -> بھولیں
OOV check failed for insertion context around: میں
OOV check failed for inserted word: آپکو
OOV check failed for substitution: آئے -> آئیں
OOV check failed for substitution: کھائے -> کھائیں
OOV check failed for substitution: اتے -> رہتے
OOV check failed for substitution: سکو -> سکوں
OOV check failed for substitution: کرلو -> کرلوں
OOV check failed for substitution: کبابوں -> کباب
OOV check failed for insertion context around: کہ
OOV check failed for insertion context around: میں
OOV check failed for deletion context around: چچا
OOV check failed for insertion context around: کہ
OOV check failed for substitution: کبابی -> وہ
OOV check failed for insertion context around: ،
Error processing insertion: 'NoneType' object has no attribute 'upos'
OOV check failed for substitution: کہلائے -> کہلاتے
OOV check failed for insertion context around: تھے
OOV check failed for substitution: کہلائے -> کہلاتے
OOV check failed for insertion context around: تھے
OOV check failed for insertion context around: میں
OOV check failed for insertion context around: گے
OOV check failed for inserted word: اسنے
OOV check failed for substitution: مرثیہ -> مرثیے
OOV check failed for substitution: ملا -> ملایا
OOV check failed for substitution: آیا -> آئی
OOV check failed for substitution: آتا -> آتی
OOV check failed for substitution: ھفتہ -> ھفتے
OOV check failed for insertion context around: اور
OOV check failed for substitution: لڑوں -> لڑو
Error processing substitution: list index out of range
OOV check failed for substitution: ہھری -> ہھرے
OOV check failed for substitution: برنگ -> برنگے
Error processing insertion: 'NoneType' object has no attribute 'upos'
OOV check failed for substitution: چلے -> چلیں
OOV check failed for substitution: چلے -> چلیں
OOV check failed for insertion context around: ہیں
OOV check failed for substitution: چہچہاتے -> چہچہاتی
OOV check failed for substitution: ہو -> ہوگئے
OOV check failed for substitution: حاص -> خاص
OOV check failed for substitution: ایسے -> برے
OOV check failed for deletion context around: کہ
OOV check failed for substitution: دوستے -> ہفتے
OOV check failed for substitution: وہ -> قہر
OOV check failed for deleted word: غزت
OOV check failed for substitution: گھرنازل -> نازل
OOV check failed for substitution: انکی -> انکا
Error processing insertion: 'NoneType' object has no attribute 'upos'
OOV check failed for substitution: کردیا -> کردی
Error processing insertion: 'NoneType' object has no attribute 'upos'
Error processing insertion: list index out of range
OOV check failed for substitution: پرندہ -> پرندے
OOV check failed for substitution: پرندہ -> پرندے
OOV check failed for substitution: پرندہ -> پرندے
OOV check failed for substitution: بچائے -> بچائوں
OOV check failed for deletion context around: اس
OOV check failed for substitution: پرندہ -> پرندوں
OOV check failed for deleted word: خط
OOV check failed for substitution: پرندہ -> پرندوں
OOV check failed for deletion context around: میں
OOV check failed for substitution: لحاظا -> کہ
OOV check failed for substitution: سانی -> ثانی
OOV check failed for insertion context around: اس
OOV check failed for inserted word: خط
OOV check failed for insertion context around: میں
OOV check failed for substitution: پرندہ -> پرندوں
OOV check failed for substitution: پرندہ -> پرندے
Error processing insertion: list index out of range
Error processing insertion: list index out of range
OOV check failed for insertion context around: کریں
OOV check failed for insertion context around: جبکہ
Error processing insertion: 'NoneType' object has no attribute 'upos'
Error processing insertion: 'NoneType' object has no attribute 'upos'
OOV check failed for insertion context around: دو
OOV check failed for insertion context around: ،
OOV check failed for insertion context around: ،
OOV check failed for substitution: سنے -> سنتے
OOV check failed for substitution: بوڑھا -> بوڑھے
OOV check failed for substitution: نیہں -> نہیں
OOV check failed for substitution: اچھہے -> اچھہا
OOV check failed for insertion context around: نے
OOV check failed for substitution: برنگ -> برنگے
OOV check failed for deletion context around: کے
OOV check failed for insertion context around: کو
OOV check failed for insertion context around: پھر
OOV check failed for substitution: پاؤ -> پاؤں
OOV check failed for substitution: ٹھہرا -> ٹھہراتے
OOV check failed for insertion context around: ۔
OOV check failed for substitution: برنگے -> برنگی
OOV check failed for insertion context around: اور
Error processing insertion: list index out of range
OOV check failed for substitution: کے -> اسکے
Error processing insertion: 'NoneType' object has no attribute 'upos'
OOV check failed for substitution: گزارتا -> گزرتا
OOV check failed for substitution: سمجھنے -> سمجھنا
OOV check failed for substitution: مانگوں -> مانگو
OOV check failed for substitution: دوں -> دیں
OOV check failed for insertion context around: کو
OOV check failed for substitution: بیچو -> بیچوں
OOV check failed for substitution: کی -> بننےکی
OOV check failed for insertion context around: کو
OOV check failed for insertion context around: میں
OOV check failed for substitution: بڑا -> بڑہا
OOV check failed for insertion context around: کہ
OOV check failed for deletion context around: وہ
OOV check failed for substitution: غرور -> مغرور
OOV check failed for inserted word: اسکی
OOV check failed for deletion context around: کی
Error processing insertion: 'NoneType' object has no attribute 'upos'
Error processing insertion: list index out of range
OOV check failed for substitution: چا -> چاہ
OOV check failed for deletion context around: کا
OOV check failed for deleted word: چارے
OOV check failed for deletion context around: تھے
OOV check failed for substitution: شائستہ -> شائستگی
OOV check failed for insertion context around: ہے
Error processing insertion: list index out of range
Error processing insertion: list index out of range
OOV check failed for deleted word: کیو
Error processing insertion: 'NoneType' object has no attribute 'upos'
OOV check failed for substitution: ابتدائے -> ابتدائی
OOV check failed for deletion context around: ۔
OOV check failed for insertion context around: ہوتا
OOV check failed for inserted word: حس
OOV check failed for substitution: سوچی -> سوچا
Error processing insertion: 'NoneType' object has no attribute 'upos'
OOV check failed for insertion context around: ،
OOV check failed for insertion context around: ،
OOV check failed for inserted word: اسکا
OOV check failed for substitution: طرقے -> طریقا
OOV check failed for substitution: پھینکے -> پھینکنا
OOV check failed for insertion context around: چاہیے
OOV check failed for insertion context around: کیونکہ
OOV check failed for substitution: ناکہ -> کہ
OOV check failed for substitution: اٹھنا -> اٹھانا
OOV check failed for deletion context around: نہیں
OOV check failed for substitution: کچرا -> کچرے
OOV check failed for substitution: رہنی -> رکھنی
OOV check failed for substitution: بھارے -> بارے
OOV check failed for substitution: چائی -> چاہیے
OOV check failed for deletion context around: یہ
OOV check failed for substitution: ہے -> گیں
OOV check failed for insertion context around: ہے
OOV check failed for substitution: ہے -> گیں
OOV check failed for insertion context around: ہے
OOV check failed for substitution: گندا -> گندی
OOV check failed for deletion context around: بھی
OOV check failed for substitution: چیز -> چیزیں
OOV check failed for substitution: اور -> اسلیے
OOV check failed for substitution: بنو -> بنوں
OOV check failed for substitution: بول -> بولرز
OOV check failed for substitution: کھیل -> کھیلتا
OOV check failed for substitution: لکڑا -> لکڑی
Error processing insertion: 'NoneType' object has no attribute 'upos'
OOV check failed for substitution: بتاؤ -> بتاؤں
OOV check failed for substitution: کاٹ -> کاٹنا
OOV check failed for substitution: پتا -> پتہ
OOV check failed for substitution: لکڑا -> لکڑی
OOV check failed for insertion context around: چاہتا
OOV check failed for substitution: بڑا -> بڑ۱
OOV check failed for insertion context around: بڑے
OOV check failed for substitution: تورے -> توڑے
OOV check failed for substitution: اچھیں -> اچھی
OOV check failed for substitution: تعارف -> تعریف
OOV check failed for substitution: کارنامے -> کارناموں
OOV check failed for substitution: چیزے -> چیزیں
OOV check failed for substitution: ان -> انہون
OOV check failed for substitution: انے -> انھیں
OOV check failed for substitution: انے -> انھوں
OOV check failed for substitution: پیاری -> پیار
OOV check failed for deletion context around: میں
OOV check failed for substitution: ان -> انھون
OOV check failed for substitution: تعریف -> تعریفیں
OOV check failed for substitution: آپ -> آپ
OOV check failed for insertion context around: ہے
OOV check failed for insertion context around: ہیں
OOV check failed for substitution: رکھیئے -> رکھیں
OOV check failed for insertion context around: ہیں
OOV check failed for substitution: رکھیئے -> رکھیں
OOV check failed for substitution: کاٹے -> کاٹیں
OOV check failed for substitution: تمہے -> تمہیں
OOV check failed for substitution: بن -> بنتی
OOV check failed for substitution: فوائدمند -> فائدےمند
OOV check failed for deletion context around: ہے
OOV check failed for deletion context around: ہے
OOV check failed for substitution: کاٹتے -> کاٹوں
OOV check failed for deletion context around: کو
Error processing substitution: list index out of range
OOV check failed for deleted word: آپ
OOV check failed for deletion context around: کا
OOV check failed for substitution: بتاوٰں -> بتائیں
OOV check failed for insertion context around: کو
OOV check failed for substitution: دو -> دوں
OOV check failed for insertion context around: ہیں
OOV check failed for substitution: بنتے -> بنتی
OOV check failed for insertion context around: ہے
OOV check failed for substitution: ہوتا -> آتا
OOV check failed for insertion context around: ،
OOV check failed for substitution: پڑھے -> پڑھیں
OOV check failed for substitution: کھیلے -> کھیلیں
OOV check failed for substitution: انکی -> انکے
OOV check failed for substitution: کیلیے -> سے
OOV check failed for insertion context around: تو
OOV check failed for insertion context around: کو
OOV check failed for substitution: کرنا -> سمجھنا
OOV check failed for substitution: چلے -> چلیں
OOV check failed for substitution: بڑھے -> بڑھیں
OOV check failed for substitution: چلے -> چلیں
Error processing substitution: list index out of range
OOV check failed for substitution: کھیلے -> کھیلیں
OOV check failed for substitution: نکلتے -> نکلتا
OOV check failed for insertion context around: ،
OOV check failed for substitution: جائیں -> جاوٰ
OOV check failed for insertion context around: دفعہ
OOV check failed for substitution: اٹھے -> اٹھیں
Error processing insertion: 'NoneType' object has no attribute 'upos'
Error processing insertion: list index out of range
OOV check failed for substitution: جاسکے -> جاسکیں
OOV check failed for substitution: آئے -> آئیں
OOV check failed for substitution: چھٹیاں -> چھٹیوں
OOV check failed for substitution: آؤں -> آؤ
OOV check failed for substitution: آؤں -> آؤ
OOV check failed for substitution: گئ -> گی
OOV check failed for substitution: ہوگئے -> گے
OOV check failed for substitution: گزاروں -> گزارو
OOV check failed for substitution: چھٹیاں -> چھٹیوں
OOV check failed for substitution: گزارے -> گزاریں
OOV check failed for substitution: کھیلے -> کھیلیں
OOV check failed for substitution: پڑھے -> پڑھیں
OOV check failed for substitution: چلے -> چلیں
OOV check failed for substitution: آئے -> آئیں
OOV check failed for substitution: آجاؤں -> آجاؤ
OOV check failed for substitution: آجاؤں -> آجائیں
OOV check failed for deletion context around: میں
OOV check failed for substitution: آجاؤں -> آجائیں
OOV check failed for substitution: جارہے -> جارہی
OOV check failed for substitution: چلے -> چلیں
OOV check failed for substitution: کھائے -> کھائیں
OOV check failed for substitution: گزارے -> گزاریں
OOV check failed for substitution: آئے -> آئیں
OOV check failed for substitution: چھٹیاں -> چھٹیوں
OOV check failed for insertion context around: ،
OOV check failed for substitution: گزارے -> گزاریں
OOV check failed for substitution: ہوگئے -> ہوگئ
OOV check failed for substitution: منائے -> منائیں
OOV check failed for substitution: چلیگے -> چلیں
OOV check failed for insertion context around: گے
OOV check failed for substitution: چلیگے -> چلیں
OOV check failed for insertion context around: گے
OOV check failed for substitution: چھٹیاں -> چھٹیوں
OOV check failed for substitution: آؤ -> آؤں
OOV check failed for substitution: جگہ -> جگہیں
OOV check failed for substitution: مزہ -> مزے
OOV check failed for substitution: ہوگی -> ہونگی
OOV check failed for substitution: بتا -> بتاؤں
OOV check failed for insertion context around: کو
OOV check failed for substitution: چھٹیاں -> چھٹیوں
OOV check failed for insertion context around: ،
OOV check failed for substitution: مزہ -> مزے
OOV check failed for substitution: گزارے -> گزاریں
OOV check failed for substitution: بھولے -> بھولیں
OOV check failed for insertion context around: میں
OOV check failed for inserted word: آپکو
OOV check failed for substitution: آئے -> آئیں
OOV check failed for substitution: کھائے -> کھائیں
OOV check failed for substitution: سکو -> سکوں
OOV check failed for substitution: کرلو -> کرلوں
OOV check failed for insertion context around: کہ
OOV check failed for insertion context around: میں
OOV check failed for insertion context around: کہ
OOV check failed for insertion context around: ،
Error processing insertion: 'NoneType' object has no attribute 'upos'
OOV check failed for inserted word: اسنے
OOV check failed for substitution: آیا -> آئی
OOV check failed for substitution: آتا -> آتی
OOV check failed for substitution: ھفتہ -> ھفتے
OOV check failed for substitution: لڑوں -> لڑو
OOV check failed for substitution: ہھری -> ہھرے
OOV check failed for substitution: برنگ -> برنگے
OOV check failed for substitution: چلے -> چلیں
OOV check failed for substitution: چلے -> چلیں
OOV check failed for insertion context around: ہیں
OOV check failed for substitution: چہچہاتے -> چہچہاتی
OOV check failed for substitution: انکی -> انکا
OOV check failed for substitution: کردیا -> کردی
OOV check failed for substitution: پرندہ -> پرندے
OOV check failed for substitution: پرندہ -> پرندے
OOV check failed for substitution: پرندہ -> پرندے
OOV check failed for substitution: بچائے -> بچائوں
OOV check failed for substitution: پرندہ -> پرندوں
OOV check failed for substitution: پرندہ -> پرندوں
OOV check failed for substitution: پرندہ -> پرندوں
OOV check failed for substitution: پرندہ -> پرندے
OOV check failed for insertion context around: کریں
Error processing insertion: 'NoneType' object has no attribute 'upos'
OOV check failed for insertion context around: ،
OOV check failed for insertion context around: ،
OOV check failed for substitution: سنے -> سنتے
OOV check failed for substitution: بوڑھا -> بوڑھے
OOV check failed for substitution: نیہں -> نہیں
OOV check failed for substitution: اچھہے -> اچھہا
OOV check failed for substitution: برنگ -> برنگے
OOV check failed for deletion context around: کے
OOV check failed for insertion context around: کو
OOV check failed for substitution: پاؤ -> پاؤں
OOV check failed for insertion context around: ۔
OOV check failed for substitution: برنگے -> برنگی
OOV check failed for insertion context around: اور
OOV check failed for substitution: کے -> اسکے
OOV check failed for substitution: گزارتا -> گزرتا
OOV check failed for substitution: مانگوں -> مانگو
OOV check failed for substitution: دوں -> دیں
OOV check failed for insertion context around: کو
OOV check failed for substitution: بیچو -> بیچوں
